Кредит (актив);Вклад (пассив);Дата погашения;Срок погашения, дней;Ставка, %;[ОТВЕТ] Номер группы;Пример группировки (для первых 20 сделок)
50000000;0;07.06.2018;77;0.934000;;5
0;50000000;28.04.2018;37;0.974500;;4
121700000;0;27.04.2018;36;1.760300;;2
111000000;0;27.04.2018;36;1.760300;;2
0;55600000;30.04.2018;39;1.766900;;2
550000000;0;07.05.2018;46;1.793500;;2
0;24500000;09.05.2018;48;1.799900;;2
0;22000000;09.05.2018;48;1.799900;;2
0;10000000;10.05.2018;49;1.810500;;2
11100000;0;16.05.2018;55;1.850000;;2
0;1100000;17.05.2018;56;1.872500;;2
8000000;0;17.05.2018;56;1.884900;;2
0;33000000;04.06.2018;74;2.024600;;1
0;11300000;05.06.2018;75;2.024600;;1
100000000;0;11.06.2018;81;2.071400;;1
0;5000000;11.06.2018;81;2.071400;;1
0;5000000;11.06.2018;81;2.071400;;1
6100000;0;14.06.2018;84;2.106900;;1
0;8200000;14.06.2018;84;2.106900;;1
14400000;0;18.06.2018;88;2.177500;;3
50000000;0;21.05.2018;60;1.884900;;
0;52000000;21.05.2018;60;1.892100;;
20000000;0;24.05.2018;63;1.943600;;
50600000;0;24.05.2018;63;1.943600;;
11000000;0;24.05.2018;63;1.943600;;
0;25000000;24.05.2018;63;1.943600;;
0;11000000;24.05.2018;63;1.943600;;
25000000;0;24.05.2018;63;1.943600;;
0;41800000;01.06.2018;71;2.006300;;
18900000;0;04.06.2018;74;2.024600;;
0;5900000;04.06.2018;74;2.024600;;
14700000;0;06.06.2018;76;2.025200;;
0;55400000;06.06.2018;76;2.025200;;
60900000;0;06.06.2018;76;2.025200;;
0;67800000;07.06.2018;77;2.034900;;
0;127500000;18.06.2018;88;2.177500;;
0;16000000;31.05.2018;70;1.984200;;
102300000;0;30.04.2018;39;1.766900;;
20500000;0;04.05.2018;43;1.787000;;
26000000;0;10.05.2018;49;1.810500;;
80000000;0;30.04.2018;39;1.772300;;
0;20600000;14.05.2018;53;1.810500;;
0;76000000;18.05.2018;57;1.884900;;
20600000;0;04.06.2018;74;2.024600;;
0;103200000;07.06.2018;77;2.034900;;
0;103300000;08.06.2018;78;2.047300;;
0;54100000;11.06.2018;81;2.071400;;
0;103100000;14.06.2018;84;2.106900;;
50000000;0;18.06.2018;88;2.145000;;
0;54200000;21.06.2018;91;2.222500;;
0;41000000;23.04.2018;32;1.744700;;
0;14400000;23.04.2018;32;1.744700;;
102500000;0;27.04.2018;36;1.760300;;
0;20500000;30.04.2018;39;1.760300;;
0;14300000;01.05.2018;40;1.773400;;
0;8600000;04.05.2018;43;1.787000;;
0;78000000;30.05.2018;69;1.984200;;
53100000;0;08.05.2018;47;1.790700;;
10200000;0;09.05.2018;48;1.799900;;
0;79300000;10.05.2018;49;1.810500;;
101700000;0;11.05.2018;50;1.810500;;
33000000;0;11.05.2018;50;1.810500;;
77000000;0;30.05.2018;69;1.984200;;
25500000;0;16.05.2018;55;1.850000;;
10500000;0;16.05.2018;55;1.850000;;
20000000;0;18.05.2018;57;1.884900;;
0;20500000;29.05.2018;68;1.943600;;
0;20400000;29.05.2018;68;1.943600;;
0;8500000;29.05.2018;68;1.984200;;
25000000;0;24.04.2018;33;1.741300;;
0;25000000;24.04.2018;33;1.741300;;
20400000;0;25.04.2018;34;1.745200;;
14300000;0;25.04.2018;34;1.745200;;
0;20500000;27.04.2018;36;1.760300;;
20500000;0;30.04.2018;39;1.772300;;
10600000;0;30.04.2018;39;1.772300;;
0;20500000;30.04.2018;39;1.772300;;
10600000;0;30.04.2018;39;1.772300;;
23400000;0;01.05.2018;40;1.773400;;
35100000;0;01.05.2018;40;1.773400;;
0;50800000;01.05.2018;40;1.773400;;
0;53000000;01.05.2018;40;1.773400;;
0;20500000;01.05.2018;40;1.773400;;
0;4200000;02.05.2018;41;1.777800;;
0;10200000;02.05.2018;41;1.777800;;
6600000;0;04.05.2018;43;1.787000;;
0;12300000;08.05.2018;47;1.793500;;
10200000;0;09.05.2018;48;1.799900;;
157000000;0;15.05.2018;54;1.838800;;
158000000;0;15.05.2018;54;1.838800;;
0;15000000;10.05.2018;49;1.810500;;
5000000;0;14.05.2018;53;1.820000;;
10000000;0;14.05.2018;53;1.820000;;
1000000;0;14.05.2018;53;1.820000;;
10000000;0;14.05.2018;53;1.820000;;
10000000;0;14.05.2018;53;1.833400;;
20000000;0;15.05.2018;54;1.838800;;
0;1000000;16.05.2018;55;1.850000;;
10000000;0;16.05.2018;55;1.850000;;
10000000;0;17.05.2018;56;1.884900;;
0;10000000;17.05.2018;56;1.884900;;
0;10000000;17.05.2018;56;1.884900;;
0;10000000;21.05.2018;60;1.892100;;
0;50000000;21.05.2018;60;1.892100;;
0;20800000;21.05.2018;60;1.892100;;
0;10000000;21.05.2018;60;1.892100;;
10000000;0;23.05.2018;62;1.919800;;
0;10000000;23.05.2018;62;1.919800;;
25000000;0;23.05.2018;62;1.919800;;
0;1000;24.05.2018;63;1.943600;;
0;20800000;24.05.2018;63;1.943600;;
20800000;0;24.05.2018;63;1.943600;;
0;20700000;29.05.2018;68;1.984200;;
12500000;0;01.06.2018;71;2.006300;;
0;16600000;04.06.2018;74;2.017200;;
0;50000000;17.05.2018;56;1.884900;;
20800000;0;04.06.2018;74;2.024600;;
0;21870000;04.06.2018;74;2.024600;;
10000000;0;04.06.2018;74;2.024600;;
10400000;0;04.06.2018;74;2.024600;;
20900000;0;06.06.2018;76;2.025200;;
10000000;0;07.06.2018;77;2.034900;;
0;10000000;08.06.2018;78;2.047300;;
0;50000000;11.06.2018;81;2.057300;;
10400000;0;11.06.2018;81;2.071400;;
0;50000000;11.06.2018;81;2.071400;;
46300000;0;03.05.2018;42;1.787000;;
50900000;0;03.05.2018;42;1.787000;;
0;5200000;03.05.2018;42;1.787000;;
20800000;0;11.05.2018;50;1.810500;;
50800000;0;14.05.2018;53;1.833400;;
0;10000000;14.05.2018;53;1.833400;;
10900000;0;15.05.2018;54;1.838800;;
0;10000000;15.05.2018;54;1.838800;;
0;6200000;15.05.2018;54;1.838800;;
8300000;0;17.05.2018;56;1.884900;;
10900000;0;17.05.2018;56;1.884900;;
0;28600000;17.05.2018;56;1.884900;;
3100000;0;17.05.2018;56;1.884900;;
0;5500000;17.05.2018;56;1.884900;;
0;31300000;18.05.2018;57;1.884900;;
0;50000000;21.05.2018;60;1.892100;;
0;31200000;22.05.2018;61;1.903900;;
0;5000000;16.05.2018;55;1.850000;;
0;120000000;15.05.2018;54;1.838800;;
0;5000000;25.05.2018;64;1.943600;;
5000000;0;30.05.2018;69;1.984200;;
0;21800000;30.05.2018;69;1.984200;;
21000000;0;04.06.2018;74;2.017200;;
0;34100000;01.06.2018;71;2.006300;;
1000000;0;01.06.2018;71;2.006300;;
60300000;0;07.06.2018;77;2.034900;;
27000000;0;14.06.2018;84;2.106900;;
40000000;0;15.05.2018;54;1.838800;;
0;185600000;18.06.2018;88;2.177500;;
10000000;0;18.06.2018;88;2.177500;;
0;27000000;18.06.2018;88;2.177500;;
15100000;0;21.06.2018;91;2.222500;;
10000000;0;24.04.2018;33;1.741300;;
2100000;0;24.04.2018;33;1.741300;;
0;30000000;25.04.2018;34;1.745200;;
0;10000000;25.04.2018;34;1.745200;;
20800000;0;23.04.2018;32;1.744700;;
0;40400000;15.05.2018;54;1.838800;;
0;11000000;30.05.2018;69;1.984200;;
18000000;0;01.06.2018;71;2.006300;;
10000000;0;01.06.2018;71;2.006300;;
50000000;0;04.06.2018;74;2.024600;;
60900000;0;06.06.2018;76;2.025200;;
24400000;0;07.06.2018;77;2.034900;;
0;54200000;07.06.2018;77;2.034900;;
42000000;0;07.06.2018;77;2.034900;;
0;11100000;08.06.2018;78;2.047300;;
11000000;0;11.06.2018;81;2.071400;;
11000000;0;11.06.2018;81;2.071400;;
0;1000000;15.06.2018;85;2.124500;;
0;10000000;15.06.2018;85;2.124500;;
21100000;0;18.06.2018;88;2.177500;;
18000000;0;18.06.2018;88;2.177500;;
0;100000000;19.06.2018;89;2.177500;;
10000000;0;21.06.2018;91;2.222500;;
10000000;0;21.06.2018;91;2.222500;;
81500000;0;15.05.2018;54;1.960400;;
11200000;0;24.04.2018;33;1.741300;;
0;106000000;24.04.2018;33;1.741300;;
0;11200000;26.04.2018;35;1.752500;;
0;16800000;30.04.2018;39;1.760300;;
18500000;0;30.04.2018;39;1.760300;;
61600000;0;30.04.2018;39;1.760300;;
0;50000000;30.04.2018;39;1.766900;;
62100000;0;30.04.2018;39;1.772300;;
0;50000000;30.04.2018;39;1.772300;;
0;41250000;04.06.2018;74;2.017200;;
0;41200000;30.04.2018;39;1.772300;;
0;30000000;04.06.2018;74;2.017200;;
56300000;0;01.05.2018;40;1.773400;;
0;38400000;01.05.2018;40;1.773400;;
0;108600000;02.05.2018;41;1.777800;;
82000000;0;15.05.2018;54;1.960400;;
0;106200000;08.05.2018;47;1.789000;;
31100000;0;08.05.2018;47;1.789000;;
21200000;0;08.05.2018;47;1.789000;;
21300000;0;08.05.2018;47;1.789000;;
56700000;0;08.05.2018;47;1.793500;;
15500000;0;08.05.2018;47;1.793500;;
0;56200000;08.05.2018;47;1.790700;;
0;11300000;15.05.2018;54;1.838800;;
28200000;0;15.05.2018;54;1.838800;;
0;28200000;16.05.2018;55;1.850000;;
0;28300000;16.05.2018;55;1.850000;;
52400000;0;21.05.2018;60;1.884900;;
0;53100000;29.05.2018;68;1.943600;;
21300000;0;29.05.2018;68;1.943600;;
21300000;0;01.06.2018;71;2.006300;;
0;123000000;15.05.2018;54;1.960400;;
0;250000000;04.06.2018;74;2.017200;;
21300000;0;08.06.2018;78;2.047300;;
11300000;0;08.06.2018;78;2.047300;;
21300000;0;20.06.2018;90;2.201800;;
37000000;0;17.05.2018;56;1.884900;;
0;10000000;08.05.2018;47;1.787000;;
21000000;0;30.04.2018;39;1.772300;;
43000000;0;08.05.2018;47;1.787000;;
0;20000000;11.06.2018;81;2.057300;;
17750000;0;11.06.2018;81;2.071400;;
0;11000000;13.06.2018;83;2.088800;;
0;6000000;18.06.2018;88;2.145000;;
0;25000000;08.05.2018;47;1.790700;;
41000000;0;14.05.2018;53;1.810500;;
0;17000000;21.05.2018;60;1.884900;;
0;11000000;29.05.2018;68;1.956300;;
0;20000000;29.05.2018;68;1.984200;;
0;22000000;20.06.2018;90;2.201800;;
20000000;0;30.04.2018;39;1.766900;;
28000000;0;30.04.2018;39;1.772300;;
51100000;0;30.04.2018;39;1.772300;;
22000000;0;04.05.2018;43;1.787000;;
0;10000000;07.05.2018;46;1.787000;;
0;20000000;10.05.2018;49;1.810500;;
0;10000000;10.05.2018;49;1.810500;;
0;10000000;18.05.2018;57;1.884900;;
0;10000000;24.05.2018;63;1.943600;;
50000000;0;24.05.2018;63;1.943600;;
14500000;0;07.06.2018;77;2.034900;;
0;50000000;12.06.2018;82;2.071400;;
0;20000000;13.06.2018;83;2.088800;;
0;20000000;21.06.2018;91;2.222500;;
0;11100000;24.04.2018;33;1.741300;;
35000000;0;27.04.2018;36;1.766900;;
16000000;0;02.05.2018;41;1.777800;;
0;20500000;21.05.2018;60;1.884900;;
0;20000000;04.06.2018;74;2.017200;;
31100000;0;11.06.2018;81;2.071400;;
50000000;0;18.06.2018;88;2.145000;;
0;45300000;23.04.2018;32;1.744700;;
8700000;0;24.04.2018;33;1.741300;;
75000000;0;08.05.2018;47;1.787000;;
50000000;0;08.05.2018;47;1.787000;;
0;12800000;08.05.2018;47;1.787000;;
1100000;0;08.05.2018;47;1.789000;;
34800000;0;04.06.2018;74;2.017200;;
21900000;0;08.06.2018;78;2.047300;;
3900000;0;11.06.2018;81;2.071400;;
0;17500000;18.06.2018;88;2.145000;;
0;80000000;03.05.2018;42;1.787000;;
123000000;0;30.04.2018;39;1.772300;;
0;10900000;23.04.2018;32;1.744700;;
0;60500000;23.04.2018;32;1.744700;;
10900000;0;23.04.2018;32;1.744500;;
0;26000000;23.04.2018;32;1.744500;;
0;5400000;27.04.2018;36;1.760300;;
59000000;0;29.05.2018;68;1.984200;;
20600000;0;18.05.2018;57;1.884900;;
0;41200000;21.05.2018;60;1.884900;;
16400000;0;04.06.2018;74;2.024600;;
28100000;0;11.06.2018;81;2.071400;;
32800000;0;12.06.2018;82;2.071400;;
100000000;0;15.06.2018;85;2.124500;;
10900000;0;19.06.2018;89;2.177500;;
10900000;0;19.06.2018;89;2.177500;;
0;5400000;03.05.2018;42;1.787000;;
10300000;0;30.04.2018;39;1.772300;;
31000000;0;03.05.2018;42;1.787000;;
10900000;0;03.05.2018;42;1.787000;;
0;20600000;08.05.2018;47;1.787000;;
10900000;0;08.05.2018;47;1.793500;;
0;20500000;10.05.2018;49;1.810500;;
0;20700000;21.05.2018;60;1.884900;;
18600000;0;21.05.2018;60;1.892100;;
0;20600000;24.05.2018;63;1.943600;;
0;20600000;29.05.2018;68;1.943600;;
14400000;0;29.05.2018;68;1.943600;;
10300000;0;29.05.2018;68;1.984200;;
0;10300000;29.05.2018;68;1.984200;;
10300000;0;01.06.2018;71;2.006300;;
0;20600000;04.06.2018;74;2.017200;;
0;10300000;04.06.2018;74;2.017200;;
10300000;0;04.06.2018;74;2.024600;;
21200000;0;08.05.2018;47;1.787000;;
22600000;0;08.05.2018;47;1.789000;;
53000000;0;08.05.2018;47;1.790700;;
0;81800000;15.05.2018;54;1.960400;;
0;5600000;08.05.2018;47;1.790700;;
105800000;0;08.05.2018;47;1.790700;;
0;56100000;08.05.2018;47;1.790700;;
22600000;0;14.05.2018;53;1.810500;;
21200000;0;14.05.2018;53;1.820000;;
0;10600000;14.05.2018;53;1.820000;;
0;21200000;15.05.2018;54;1.838800;;
0;53100000;15.05.2018;54;1.838800;;
0;28200000;16.05.2018;55;1.850000;;
0;52000000;07.06.2018;77;2.034900;;
0;11000000;11.06.2018;81;2.071400;;
0;11000000;12.06.2018;82;2.071400;;
158000000;0;14.06.2018;84;2.106900;;
0;42100000;15.06.2018;85;2.124500;;
11000000;0;15.06.2018;85;2.124500;;
0;21100000;18.06.2018;88;2.177500;;
0;18000000;18.06.2018;88;2.177500;;
50000000;0;19.06.2018;89;2.177500;;
15000000;0;21.06.2018;91;2.222500;;
5600000;0;23.04.2018;32;1.744500;;
0;11200000;23.04.2018;32;1.744500;;
56200000;0;24.04.2018;33;1.741300;;
0;31800000;24.04.2018;33;1.741300;;
11200000;0;25.04.2018;34;1.745200;;
46400000;0;30.04.2018;39;1.760300;;
0;14400000;30.04.2018;39;1.760300;;
0;68500000;30.04.2018;39;1.760300;;
61600000;0;30.04.2018;39;1.760300;;
20700000;0;30.04.2018;39;1.760300;;
48700000;0;30.04.2018;39;1.766900;;
12700000;0;30.04.2018;39;1.772300;;
37100000;0;30.04.2018;39;1.772300;;
0;155100000;01.05.2018;40;1.773400;;
34600000;0;01.05.2018;40;1.773400;;
56500000;0;08.05.2018;47;1.789000;;
45200000;0;08.05.2018;47;1.789000;;
0;106402630;08.05.2018;47;1.793500;;
0;28100000;08.05.2018;47;1.790700;;
51700000;0;08.05.2018;47;1.790700;;
5600000;0;08.05.2018;47;1.790700;;
0;20800000;25.04.2018;34;1.745200;;
20000000;0;26.04.2018;35;1.752500;;
51900000;0;26.04.2018;35;1.752500;;
0;20100000;27.04.2018;36;1.760300;;
27400000;0;27.04.2018;36;1.760300;;
27500000;0;27.04.2018;36;1.760300;;
18900000;0;30.04.2018;39;1.766900;;
0;10000000;30.04.2018;39;1.766900;;
0;4000000;30.04.2018;39;1.766900;;
0;1000000;30.04.2018;39;1.766900;;
0;12000000;30.04.2018;39;1.772300;;
6000000;0;01.05.2018;40;1.773400;;
35000000;0;22.05.2018;61;1.903900;;
54000000;0;05.06.2018;75;2.024600;;
0;16000000;05.06.2018;75;2.024600;;
0;25500000;06.06.2018;76;2.025200;;
41000000;0;11.06.2018;81;2.071400;;
102000000;0;18.06.2018;88;2.177500;;
30900000;0;23.04.2018;32;1.744700;;
12700000;0;24.04.2018;33;1.741300;;
29800000;0;04.05.2018;43;1.787000;;
0;12800000;08.05.2018;47;1.787000;;
33000000;0;08.05.2018;47;1.790700;;
102800000;0;21.05.2018;60;1.884900;;
31000000;0;04.06.2018;74;2.017200;;
10300000;0;23.04.2018;32;1.744700;;
20500000;0;23.04.2018;32;1.744700;;
41000000;0;23.04.2018;32;1.744700;;
30800000;0;23.04.2018;32;1.744500;;
0;40000000;27.04.2018;36;1.562200;;
0;22000000;18.05.2018;57;1.884900;;
0;24700000;29.05.2018;68;1.984200;;
0;61900000;12.06.2018;82;2.071400;;
10900000;0;15.06.2018;85;2.124500;;
43400000;0;18.06.2018;88;2.177500;;
0;30800000;26.04.2018;35;1.752500;;
0;10800000;30.04.2018;39;1.760300;;
0;12700000;03.05.2018;42;1.787000;;
10200000;0;08.05.2018;47;1.787000;;
10200000;0;08.05.2018;47;1.787000;;
10300000;0;08.05.2018;47;1.789000;;
10200000;0;09.05.2018;48;1.799900;;
10300000;0;11.05.2018;50;1.810500;;
10300000;0;14.05.2018;53;1.820000;;
0;20600000;21.05.2018;60;1.884900;;
0;27500000;21.05.2018;60;1.884900;;
10300000;0;23.05.2018;62;1.919800;;
20600000;0;04.06.2018;74;2.017200;;
19100000;0;04.06.2018;74;2.024600;;
0;10900000;04.06.2018;74;2.024600;;
0;103000000;04.06.2018;74;2.024600;;
10300000;0;11.06.2018;81;2.057300;;
10300000;0;11.06.2018;81;2.071400;;
0;10400000;12.06.2018;82;2.071400;;
0;10300000;12.06.2018;82;2.071400;;
10300000;0;13.06.2018;83;2.088800;;
10300000;0;13.06.2018;83;2.088800;;
5400000;0;18.06.2018;88;2.177500;;
10900000;0;20.06.2018;90;2.201800;;
0;2100000;24.04.2018;33;1.741300;;
16000000;0;24.04.2018;33;1.741300;;
0;30000000;27.04.2018;36;1.760300;;
0;20500000;30.04.2018;39;1.760300;;
10500000;0;13.06.2018;83;2.088800;;
0;33600000;13.06.2018;83;2.088800;;
25000000;0;13.06.2018;83;2.088800;;
0;250000000;13.06.2018;83;2.088800;;
20900000;0;14.06.2018;84;2.106900;;
0;10500000;14.06.2018;84;2.106900;;
0;10000000;14.06.2018;84;2.106900;;
20000000;0;14.06.2018;84;2.106900;;
350000000;0;14.06.2018;84;2.106900;;
0;30800000;03.05.2018;42;1.787000;;
0;20500000;04.05.2018;43;1.787000;;
0;14300000;08.05.2018;47;1.787000;;
10200000;0;08.05.2018;47;1.787000;;
10200000;0;09.05.2018;48;1.799900;;
10300000;0;09.05.2018;48;1.799900;;
0;10300000;11.05.2018;50;1.810500;;
0;10300000;14.05.2018;53;1.810500;;
20600000;0;21.05.2018;60;1.884900;;
51500000;0;21.05.2018;60;1.884900;;
0;31000000;21.05.2018;60;1.884900;;
20600000;0;23.05.2018;62;1.919800;;
0;20600000;04.06.2018;74;2.017200;;
10800000;0;04.06.2018;74;2.024600;;
54500000;0;04.06.2018;74;2.024600;;
0;20700000;05.06.2018;75;2.024600;;
3700000;0;11.06.2018;81;2.057300;;
10300000;0;11.06.2018;81;2.071400;;
10300000;0;11.06.2018;81;2.071400;;
52000000;0;13.06.2018;83;2.088800;;
0;20700000;13.06.2018;83;2.088800;;
0;10300000;18.06.2018;88;2.145000;;
0;15500000;18.06.2018;88;2.177500;;
38000000;0;19.06.2018;89;2.177500;;
26900000;0;23.04.2018;32;1.744700;;
0;31000000;24.04.2018;33;1.741300;;
10300000;0;01.05.2018;40;1.773400;;
0;10300000;01.05.2018;40;1.773400;;
5100000;0;01.05.2018;40;1.773400;;
123500000;0;01.05.2018;40;1.773400;;
0;5100000;08.05.2018;47;1.787000;;
0;15500000;11.05.2018;50;1.810500;;
10300000;0;11.05.2018;50;1.810500;;
10300000;0;14.05.2018;53;1.833400;;
0;21300000;21.06.2018;91;2.222500;;
21300000;0;22.06.2018;92;2.248100;;
150000000;0;14.05.2018;53;1.810500;;
15000000;0;29.05.2018;68;1.984200;;
12300000;0;29.05.2018;68;1.984200;;
0;10300000;29.05.2018;68;1.984200;;
4600000;0;01.06.2018;71;2.006300;;
10300000;0;04.06.2018;74;2.017200;;
0;21000000;04.06.2018;74;2.024600;;
0;20500000;04.06.2018;74;2.024600;;
12300000;0;04.06.2018;74;2.024600;;
14400000;0;08.06.2018;78;2.047300;;
30800000;0;11.06.2018;81;2.071400;;
10300000;0;14.06.2018;84;2.106900;;
0;20600000;21.06.2018;91;2.222500;;
0;7500000;23.04.2018;32;1.744500;;
10200000;0;27.04.2018;36;1.760300;;
20500000;0;02.05.2018;41;1.777800;;
0;20500000;03.05.2018;42;1.787000;;
0;10300000;04.05.2018;43;1.787000;;
10800000;0;09.05.2018;48;1.799900;;
0;41200000;10.05.2018;49;1.810500;;
0;54500000;16.05.2018;55;1.850000;;
10200000;0;17.05.2018;56;1.884900;;
10900000;0;17.05.2018;56;1.884900;;
76000000;0;18.05.2018;57;1.236000;;
0;12400000;29.05.2018;68;1.956300;;
10300000;0;07.06.2018;77;2.034900;;
6000000;0;07.06.2018;77;2.034900;;
12400000;0;11.06.2018;81;2.071400;;
10300000;0;11.06.2018;81;2.071400;;
10300000;0;18.06.2018;88;2.177500;;
0;10500000;23.04.2018;32;1.744500;;
0;40000000;23.04.2018;32;1.744500;;
10300000;0;08.05.2018;47;1.793500;;
14400000;0;11.05.2018;50;1.810500;;
0;10300000;11.05.2018;50;1.810500;;
10300000;0;11.05.2018;50;1.810500;;
0;16500000;14.05.2018;53;1.833400;;
0;44000000;21.05.2018;60;1.892100;;
0;4100000;21.05.2018;60;1.892100;;
10900000;0;22.05.2018;61;1.903900;;
10300000;0;29.05.2018;68;1.956300;;
0;30900000;29.05.2018;68;1.984200;;
0;11000000;08.06.2018;78;2.047300;;
0;10300000;08.06.2018;78;2.047300;;
5500000;0;11.06.2018;81;2.057300;;
20700000;0;11.06.2018;81;2.071400;;
10400000;0;12.06.2018;82;2.071400;;
10400000;0;15.06.2018;85;2.124500;;
20700000;0;19.06.2018;89;2.177500;;
20700000;0;23.04.2018;32;1.744500;;
0;10300000;23.04.2018;32;1.744500;;
0;300000000;30.04.2018;39;1.827800;;
53100000;0;16.05.2018;55;1.850000;;
0;18000000;21.05.2018;60;1.872500;;
0;31100000;21.05.2018;60;1.884900;;
41000000;0;15.05.2018;54;1.960400;;
0;28300000;22.05.2018;61;1.903900;;
0;100000000;22.05.2018;61;1.903900;;
82000000;0;15.05.2018;54;1.960400;;
0;250000000;29.05.2018;68;1.943600;;
21300000;0;01.06.2018;71;2.006300;;
0;55200000;05.06.2018;75;2.024600;;
0;1000000;08.06.2018;78;2.047300;;
27200000;0;11.06.2018;81;2.071400;;
0;29400000;18.06.2018;88;2.177500;;
0;30800000;21.06.2018;91;2.222500;;
0;20600000;09.05.2018;48;1.799900;;
16000000;0;30.04.2018;39;1.772300;;
0;79600000;30.04.2018;39;1.772300;;
0;103300000;08.06.2018;78;2.047300;;
0;108300000;11.06.2018;81;2.057300;;
103000000;0;11.06.2018;81;2.071400;;
0;124000000;31.05.2018;70;1.984200;;
79000000;0;30.05.2018;69;1.984200;;
103100000;0;21.06.2018;91;2.222500;;
248000000;0;31.05.2018;70;1.984200;;
53200000;0;16.05.2018;55;1.850000;;
21300000;0;21.05.2018;60;1.872500;;
204500000;0;22.05.2018;61;1.903900;;
250000000;0;29.05.2018;68;1.943600;;
0;20000000;29.05.2018;68;1.984200;;
0;21300000;04.06.2018;74;2.017200;;
0;56700000;04.06.2018;74;2.017200;;
49700000;0;05.06.2018;75;2.024600;;
21300000;0;08.06.2018;78;2.047300;;
71000000;0;11.06.2018;81;2.057300;;
0;56600000;15.06.2018;85;2.124500;;
45200000;0;15.06.2018;85;2.124500;;
0;21300000;18.06.2018;88;2.145000;;
18000000;0;22.06.2018;92;2.248100;;
0;22100000;14.05.2018;53;1.810500;;
77000000;0;30.05.2018;69;1.984200;;
0;77000000;30.05.2018;69;1.984200;;
30600000;0;01.06.2018;71;2.006300;;
0;53200000;15.06.2018;85;2.124500;;
0;204000000;21.06.2018;91;2.222500;;
0;30600000;23.04.2018;32;1.744700;;
10200000;0;26.04.2018;35;1.752500;;
0;10200000;27.04.2018;36;1.760300;;
0;53100000;30.04.2018;39;1.760300;;
0;20400000;14.05.2018;53;1.820000;;
14300000;0;17.05.2018;56;1.884900;;
50000000;0;24.05.2018;63;1.943600;;
10200000;0;29.05.2018;68;1.943600;;
0;10300000;29.05.2018;68;1.956300;;
0;16400000;31.05.2018;70;1.984200;;
0;106100000;06.06.2018;76;2.025200;;
52800000;0;11.06.2018;81;2.057300;;
191300000;0;15.05.2018;54;1.838800;;
0;230000000;11.06.2018;81;2.057300;;
0;20600000;11.06.2018;81;2.057300;;
62000000;0;15.05.2018;54;1.616200;;
54400000;0;11.06.2018;81;2.071400;;
250000000;0;23.04.2018;32;1.744700;;
18300000;0;23.04.2018;32;1.744700;;
0;15700000;30.04.2018;39;1.760300;;
0;1000000;02.05.2018;41;1.777800;;
6500000;0;04.05.2018;43;1.787000;;
0;14200000;08.05.2018;47;1.790700;;
30600000;0;11.05.2018;50;1.810500;;
50400000;0;25.05.2018;64;1.943600;;
14300000;0;31.05.2018;70;1.984200;;
10200000;0;04.06.2018;74;2.017200;;
0;14300000;06.06.2018;76;2.025200;;
153500000;0;16.05.2018;55;1.850000;;
55000000;0;16.05.2018;55;1.850000;;
0;55000000;18.06.2018;88;2.145000;;
149100000;0;16.05.2018;55;1.850000;;
0;77000000;16.05.2018;55;1.850000;;
183900000;0;29.05.2018;68;1.984200;;
0;173500000;16.05.2018;55;1.850000;;
0;51200000;17.05.2018;56;1.618100;;
20600000;0;21.05.2018;60;1.892100;;
79700000;0;22.05.2018;61;1.903900;;
0;10300000;22.05.2018;61;1.903900;;
10300000;0;22.05.2018;61;1.903900;;
29900000;0;23.05.2018;62;1.919800;;
0;6200000;23.05.2018;62;1.919800;;
0;12400000;25.05.2018;64;1.943600;;
0;100000000;25.05.2018;64;1.943600;;
10300000;0;25.05.2018;64;1.943600;;
4500000;0;25.05.2018;64;1.943600;;
0;8300000;25.05.2018;64;1.943600;;
0;8300000;29.05.2018;68;1.984200;;
8300000;0;01.06.2018;71;2.006300;;
109000000;0;01.06.2018;71;2.006300;;
12400000;0;04.06.2018;74;2.017200;;
0;16600000;06.06.2018;76;2.025200;;
0;16600000;06.06.2018;76;2.025200;;
0;20700000;08.06.2018;78;2.047300;;
207100000;0;08.06.2018;78;2.047300;;
10000000;0;12.06.2018;82;2.071400;;
0;230000000;12.06.2018;82;2.071400;;
0;20000000;13.06.2018;83;2.088800;;
0;115000000;13.06.2018;83;2.088800;;
0;41500000;14.06.2018;84;2.106900;;
0;12400000;15.06.2018;85;2.124500;;
0;12000000;15.06.2018;85;2.124500;;
0;14500000;15.06.2018;85;2.124500;;
31100000;0;15.06.2018;85;2.124500;;
207400000;0;18.06.2018;88;2.145000;;
8300000;0;18.06.2018;88;2.145000;;
20800000;0;19.06.2018;89;2.177500;;
0;15000000;21.06.2018;91;2.222500;;
0;84000000;01.05.2018;40;1.773400;;
54000000;0;01.05.2018;40;1.773400;;
0;2600000;01.05.2018;40;1.773400;;
10300000;0;08.05.2018;47;1.787000;;
5100000;0;08.05.2018;47;1.793500;;
0;14400000;11.05.2018;50;1.810500;;
0;20600000;11.05.2018;50;1.810500;;
10300000;0;14.05.2018;53;1.833400;;
10300000;0;21.05.2018;60;1.884900;;
10300000;0;21.05.2018;60;1.892100;;
0;6200000;21.05.2018;60;1.892100;;
0;20600000;29.05.2018;68;1.943600;;
10300000;0;04.06.2018;74;2.024600;;
0;100000000;04.06.2018;74;2.024600;;
0;5500000;08.06.2018;78;2.047300;;
51500000;0;08.06.2018;78;2.047300;;
10300000;0;11.06.2018;81;2.057300;;
11000000;0;11.06.2018;81;2.071400;;
10300000;0;15.06.2018;85;2.124500;;
25600000;0;18.06.2018;88;2.177500;;
11000000;0;19.06.2018;89;2.177500;;
0;20600000;30.04.2018;39;1.760300;;
30900000;0;30.04.2018;39;1.766900;;
100000000;0;04.06.2018;74;1.245000;;
0;16500000;14.05.2018;53;1.833400;;
0;10900000;14.05.2018;53;1.833400;;
0;10900000;22.05.2018;61;1.903900;;
14400000;0;29.05.2018;68;1.984200;;
21000000;0;04.06.2018;74;2.024600;;
25000000;0;04.06.2018;74;2.024600;;
10300000;0;11.06.2018;81;2.057300;;
10300000;0;11.06.2018;81;2.071400;;
0;10400000;15.06.2018;85;2.124500;;
0;10400000;15.06.2018;85;2.124500;;
0;20700000;18.06.2018;88;2.177500;;
14031.34;0;05.06.2018;75;3.162500;;
0;15,05;05.06.2018;75;3.162500;;
10300000;0;27.04.2018;36;1.760300;;
10700000;0;30.04.2018;39;1.760300;;
12800000;0;03.05.2018;42;1.787000;;
0;10300000;08.05.2018;47;1.789000;;
10300000;0;08.05.2018;47;1.789000;;
0;10300000;09.05.2018;48;1.799900;;
10200000;0;09.05.2018;48;1.799900;;
14400000;0;10.05.2018;49;1.810500;;
20600000;0;21.05.2018;60;1.884900;;
28000000;0;23.05.2018;62;1.919800;;
51500000;0;04.06.2018;74;2.017200;;
8100000;0;04.06.2018;74;2.024600;;
0;10300000;04.06.2018;74;2.024600;;
15500000;0;04.06.2018;74;2.024600;;
0;10300000;06.06.2018;76;2.025200;;
0;10300000;12.06.2018;82;2.071400;;
10300000;0;13.06.2018;83;2.088800;;
0;27500000;13.06.2018;83;2.088800;;
0;20700000;18.06.2018;88;2.145000;;
5400000;0;18.06.2018;88;2.145000;;
0;51250000;23.04.2018;32;1.744700;;
10300000;0;23.04.2018;32;1.744500;;
5400000;0;24.04.2018;33;1.741300;;
17000000;0;27.04.2018;36;1.760300;;
10300000;0;27.04.2018;36;1.760300;;
98000000;0;01.05.2018;40;1.773400;;
0;102800000;01.05.2018;40;1.773400;;
10300000;0;01.05.2018;40;1.773400;;
10300000;0;01.05.2018;40;1.773400;;
0;10500000;23.04.2018;32;1.744500;;
0;20900000;23.04.2018;32;1.744500;;
0;20900000;23.04.2018;32;1.744500;;
0;9000000;25.04.2018;34;1.745200;;
0;10000000;26.04.2018;35;1.752500;;
55000000;0;27.04.2018;36;1.760300;;
16700000;0;26.04.2018;35;1.752500;;
0;54800000;26.04.2018;35;1.752500;;
50000000;0;26.04.2018;35;1.752500;;
24500000;0;27.04.2018;36;1.760300;;
16700000;0;27.04.2018;36;1.760300;;
109800000;0;27.04.2018;36;1.760300;;
0;10400000;30.04.2018;39;1.760300;;
2100000;0;03.05.2018;42;1.787000;;
16000000;0;04.05.2018;43;1.787000;;
0;20800000;04.05.2018;43;1.787000;;
2100000;0;09.05.2018;48;1.799900;;
0;10400000;10.05.2018;49;1.810500;;
50000000;0;10.05.2018;49;1.810500;;
0;10500000;14.05.2018;53;1.810500;;
0;10500000;15.05.2018;54;1.838800;;
0;10500000;16.05.2018;55;1.850000;;
0;218900000;21.05.2018;60;1.884900;;
150800000;0;21.05.2018;60;1.884900;;
0;55900000;21.05.2018;60;1.884900;;
10000000;0;07.06.2018;77;2.034900;;
0;10400000;23.04.2018;32;1.744700;;
14600000;0;25.04.2018;34;1.745200;;
50000000;0;26.04.2018;35;1.752500;;
25000000;0;27.04.2018;36;1.760300;;
6400000;0;30.04.2018;39;1.760300;;
0;10400000;02.05.2018;41;1.777800;;
0;54800000;02.05.2018;41;1.777800;;
50000000;0;02.05.2018;41;1.777800;;
10400000;0;03.05.2018;42;1.787000;;
16700000;0;03.05.2018;42;1.787000;;
0;50000000;08.05.2018;47;1.787000;;
20500000;0;08.05.2018;47;1.790700;;
6000000;0;08.05.2018;47;1.790700;;
0;20000000;09.05.2018;48;1.799900;;
0;10400000;10.05.2018;49;1.810500;;
2500000;0;15.05.2018;54;1.838800;;
7600000;0;15.05.2018;54;1.838800;;
0;42000000;16.05.2018;55;1.850000;;
0;55000000;16.05.2018;55;1.850000;;
0;37500000;21.05.2018;60;1.884900;;
91000000;0;21.05.2018;60;1.884900;;
0;14600000;22.05.2018;61;1.903900;;
0;26200000;22.05.2018;61;1.903900;;
10500000;0;24.05.2018;63;1.943600;;
20800000;0;25.05.2018;64;1.943600;;
10500000;0;25.05.2018;64;1.943600;;
0;10500000;29.05.2018;68;1.943600;;
11000000;0;30.05.2018;69;1.984200;;
0;10000000;01.06.2018;71;2.006300;;
0;100000000;04.06.2018;74;2.017200;;
0;20800000;04.06.2018;74;2.017200;;
0;10000000;04.06.2018;74;2.017200;;
11000000;0;11.06.2018;81;2.057300;;
11000000;0;12.06.2018;82;2.071400;;
0;11000000;18.06.2018;88;2.145000;;
0;10400000;18.06.2018;88;2.145000;;
0;19100000;19.06.2018;89;2.177500;;
10000000;0;19.06.2018;89;2.177500;;
8800000;0;19.06.2018;89;2.177500;;
22000000;0;19.06.2018;89;2.177500;;
0;25000000;21.06.2018;91;2.222500;;
10400000;0;23.04.2018;32;1.744700;;
10400000;0;24.04.2018;33;1.741300;;
10400000;0;24.04.2018;33;1.741300;;
0;14600000;25.04.2018;34;1.745200;;
0;20500000;23.04.2018;32;1.744700;;
0;5000000;23.04.2018;32;1.744700;;
0;26700000;23.04.2018;32;1.744700;;
0;117000000;30.05.2018;69;1.984200;;
78100000;0;30.05.2018;69;1.984200;;
0;75000000;23.04.2018;32;1.744700;;
2100000;0;01.05.2018;40;1.773400;;
16000000;0;08.05.2018;47;1.787000;;
102200000;0;08.05.2018;47;1.790700;;
10200000;0;09.05.2018;48;1.799900;;
0;10200000;10.05.2018;49;1.810500;;
152800000;0;10.05.2018;49;1.810500;;
10600000;0;14.05.2018;53;1.810500;;
101800000;0;14.05.2018;53;1.810500;;
0;10500000;16.05.2018;55;1.850000;;
0;77000000;30.05.2018;69;1.984200;;
10200000;0;16.05.2018;55;1.850000;;
0;102000000;21.05.2018;60;1.884900;;
101900000;0;23.05.2018;62;1.919800;;
0;20400000;29.05.2018;68;1.943600;;
20400000;0;29.05.2018;68;1.984200;;
0;10500000;01.06.2018;71;2.006300;;
20500000;0;08.06.2018;78;2.047300;;
12300000;0;15.06.2018;85;2.124500;;
0;20500000;18.06.2018;88;2.177500;;
53100000;0;18.06.2018;88;2.177500;;
101900000;0;23.04.2018;32;1.744700;;
14300000;0;25.04.2018;34;1.745200;;
12300000;0;26.04.2018;35;1.752500;;
0;20500000;27.04.2018;36;1.760300;;
0;12700000;14.05.2018;53;1.820000;;
6100000;0;17.05.2018;56;1.884900;;
10200000;0;21.05.2018;60;1.884900;;
50000000;0;29.05.2018;68;1.943600;;
20500000;0;04.06.2018;74;2.017200;;
171900000;0;06.06.2018;76;2.025200;;
0;10200000;07.06.2018;77;2.034900;;
0;102100000;11.06.2018;81;2.057300;;
0;230000000;11.06.2018;81;2.057300;;
0;320000000;11.06.2018;81;1.722500;;
20600000;0;11.06.2018;81;2.071400;;
0;10200000;25.04.2018;34;1.745200;;
1000000;0;27.04.2018;36;1.760300;;
0;8200000;30.04.2018;39;1.760300;;
15700000;0;04.05.2018;43;1.787000;;
0;50000000;09.05.2018;48;1.799900;;
12200000;0;18.05.2018;57;1.884900;;
0;45700000;25.05.2018;64;1.943600;;
0;38000000;25.05.2018;64;1.943600;;
40000000;0;31.05.2018;70;2.544200;;
10800000;0;01.06.2018;71;2.006300;;
0;10200000;04.06.2018;74;2.017200;;
14300000;0;06.06.2018;76;2.025200;;
0;10200000;06.06.2018;76;2.025200;;
0;22400000;15.06.2018;85;2.124500;;
0;10500000;30.04.2018;39;1.766900;;
50000000;0;30.04.2018;39;1.766900;;
20000000;0;30.04.2018;39;1.766900;;
0;31500000;30.04.2018;39;1.772300;;
20000000;0;03.05.2018;42;1.787000;;
0;10000000;09.05.2018;48;1.799900;;
47600000;0;10.05.2018;49;1.810500;;
12000000;0;14.05.2018;53;1.833400;;
0;23800000;14.05.2018;53;1.833400;;
0;21000000;14.05.2018;53;1.833400;;
11100000;0;16.05.2018;55;1.850000;;
0;11100000;16.05.2018;55;1.850000;;
0;32000000;17.05.2018;56;1.884900;;
11000000;0;21.05.2018;60;1.884900;;
11000000;0;21.05.2018;60;1.884900;;
21000000;0;21.05.2018;60;1.884900;;
0;21000000;21.05.2018;60;1.884900;;
0;100000000;21.05.2018;60;1.884900;;
0;22000000;21.05.2018;60;1.892100;;
100000000;0;22.05.2018;61;1.903900;;
50000000;0;22.05.2018;61;1.903900;;
0;11000000;24.05.2018;63;1.943600;;
0;47500000;24.05.2018;63;1.943600;;
0;11000000;24.05.2018;63;1.943600;;
20900000;0;30.05.2018;69;1.984200;;
12000000;0;01.06.2018;71;2.006300;;
11000000;0;01.06.2018;71;2.006300;;
11000000;0;04.06.2018;74;2.024600;;
35600000;0;04.06.2018;74;2.024600;;
0;122000000;15.05.2018;54;1.960400;;
0;11000000;05.06.2018;75;2.024600;;
76700000;0;06.06.2018;76;2.025200;;
0;67800000;06.06.2018;76;2.025200;;
76600000;0;07.06.2018;77;2.034900;;
0;11000000;08.06.2018;78;2.047300;;
1000000;0;11.06.2018;81;2.071400;;
162200000;0;15.05.2018;54;1.960400;;
11000000;0;12.06.2018;82;2.071400;;
11000000;0;13.06.2018;83;2.088800;;
0;83200000;14.06.2018;84;2.106900;;
0;11000000;15.06.2018;85;2.124500;;
18000000;0;18.06.2018;88;2.177500;;
0;43000000;30.04.2018;39;1.760300;;
160000000;0;15.05.2018;54;1.838800;;
22000000;0;30.04.2018;39;1.766900;;
21500000;0;14.06.2018;84;2.106900;;
0;25000000;24.05.2018;63;1.943600;;
20000000;0;06.06.2018;76;2.025200;;
0;31000000;02.05.2018;41;1.777800;;
20000000;0;05.06.2018;75;2.024600;;
0;10000000;18.06.2018;88;2.145000;;
0;10000000;18.06.2018;88;2.145000;;
20000000;0;18.06.2018;88;2.177500;;
55000000;0;23.04.2018;32;1.744700;;
60000000;0;24.04.2018;33;1.741300;;
0;61000000;08.05.2018;47;1.787000;;
0;25000000;08.05.2018;47;1.790700;;
100000000;0;08.05.2018;47;1.790700;;
17000000;0;14.05.2018;53;1.810500;;
0;26000000;14.05.2018;53;1.810500;;
0;17000000;21.05.2018;60;1.892100;;
0;41000000;25.05.2018;64;1.943600;;
12000000;0;25.05.2018;64;1.943600;;
0;17000000;12.06.2018;82;2.071400;;
22000000;0;19.06.2018;89;2.177500;;
0;22500000;23.04.2018;32;1.744700;;
0;10000000;23.04.2018;32;1.744500;;
0;40000000;30.04.2018;39;1.766900;;
0;10000000;04.05.2018;43;1.787000;;
41000000;0;08.05.2018;47;1.789000;;
0;10000000;10.05.2018;49;1.810500;;
0;10000000;10.05.2018;49;1.810500;;
0;52000000;25.05.2018;64;1.943600;;
20000000;0;11.06.2018;81;2.071400;;
0;401274.24;30.04.2018;39;3;;
0;18300000;23.04.2018;32;1.744700;;
10200000;0;25.04.2018;34;1.745200;;
10200000;0;25.04.2018;34;1.745200;;
77000000;0;31.05.2018;70;1.984200;;
0;30500000;04.05.2018;43;1.787000;;
14300000;0;09.05.2018;48;1.799900;;
0;15700000;11.05.2018;50;1.810500;;
0;12200000;18.05.2018;57;1.884900;;
36700000;0;25.05.2018;64;1.943600;;
0;14300000;31.05.2018;70;1.984200;;
40000000;0;31.05.2018;70;2.539400;;
0;30600000;01.06.2018;71;2.006300;;
4200000;0;06.06.2018;76;2.025200;;
158000000;0;15.05.2018;54;1.838800;;
0;16500000;16.05.2018;55;1.850000;;
0;36000000;18.06.2018;88;2.145000;;
0;139500000;16.05.2018;55;1.850000;;
0;138100000;16.05.2018;55;1.850000;;
62000000;0;16.05.2018;55;1.850000;;
0;158000000;15.05.2018;54;1.838800;;
0;206700000;22.05.2018;61;1.903900;;
0;86700000;22.05.2018;61;1.903900;;
0;10300000;22.05.2018;61;1.903900;;
0;10300000;25.05.2018;64;1.943600;;
6200000;0;25.05.2018;64;1.943600;;
0;206000000;01.06.2018;71;2.006300;;
10300000;0;04.06.2018;74;2.017200;;
8300000;0;05.06.2018;75;2.024600;;
109000000;0;05.06.2018;75;2.024600;;
0;8300000;06.06.2018;76;2.025200;;
10400000;0;07.06.2018;77;2.034900;;
0;75400000;07.06.2018;77;2.034900;;
108900000;0;08.06.2018;78;2.047300;;
0;26900000;11.06.2018;81;2.057300;;
15000000;0;12.06.2018;82;2.071400;;
20000000;0;12.06.2018;82;2.071400;;
25000000;0;12.06.2018;82;2.071400;;
31100000;0;13.06.2018;83;2.088800;;
0;10000000;13.06.2018;83;2.088800;;
20700000;0;13.06.2018;83;2.088800;;
0;41500000;14.06.2018;84;2.106900;;
0;41500000;14.06.2018;84;2.106900;;
0;151200000;14.06.2018;84;2.106900;;
82900000;0;15.06.2018;85;2.124500;;
10400000;0;18.06.2018;88;2.145000;;
12500000;0;19.06.2018;89;2.177500;;
0;55000000;19.06.2018;89;2.177500;;
25000000;0;21.06.2018;91;2.222500;;
0;12000000;20.06.2018;90;2.201800;;
1479990.43;0;30.04.2018;39;4.375000;;
11118871.39;0;24.04.2018;33;3.416000;;
0;5897734.37;07.05.2018;46;6.375000;;
0;146281.04;27.04.2018;36;4;;
0;479998.07;30.04.2018;39;4;;
0;1023628.17;27.04.2018;36;4;;
82000000;0;15.05.2018;54;1.960400;;
0;11200000;23.04.2018;32;1.744500;;
81800000;0;15.05.2018;54;1.960400;;
0;11200000;24.04.2018;33;1.741300;;
11200000;0;24.04.2018;33;1.741300;;
31700000;0;30.04.2018;39;1.760300;;
0;89200000;30.04.2018;39;1.760300;;
0;22500000;30.04.2018;39;1.760300;;
0;60200000;30.04.2018;39;1.766900;;
21200000;0;30.04.2018;39;1.772300;;
0;35800000;08.05.2018;47;1.789000;;
0;85000000;08.05.2018;47;1.789000;;
82000000;0;15.05.2018;54;1.960400;;
0;17900000;08.05.2018;47;1.793500;;
0;106100000;14.05.2018;53;1.810500;;
21000000;0;14.05.2018;53;1.810500;;
10600000;0;14.05.2018;53;1.820000;;
0;82000000;15.05.2018;54;1.960400;;
161000000;0;15.05.2018;54;1.838800;;
0;12200000;14.06.2018;84;2.106900;;
10200000;0;15.06.2018;85;2.124500;;
61200000;0;18.06.2018;88;2.145000;;
96200000;0;19.06.2018;89;2.177500;;
40800000;0;19.06.2018;89;2.177500;;
0;20400000;20.06.2018;90;2.201800;;
15500000;0;26.04.2018;35;1.752500;;
0;16700000;26.04.2018;35;1.752500;;
0;50000000;26.04.2018;35;1.752500;;
0;109500000;27.04.2018;36;1.760300;;
10400000;0;27.04.2018;36;1.760300;;
7600000;0;27.04.2018;36;1.760300;;
0;208600000;27.04.2018;36;1.760300;;
0;12500000;30.04.2018;39;1.760300;;
0;20900000;30.04.2018;39;1.760300;;
0;16000000;30.04.2018;39;1.760300;;
50400000;0;02.05.2018;41;1.777800;;
0;16700000;02.05.2018;41;1.777800;;
0;10200000;04.05.2018;43;1.787000;;
50000000;0;08.05.2018;47;1.787000;;
0;50000000;08.05.2018;47;1.787000;;
10500000;0;08.05.2018;47;1.790700;;
10400000;0;08.05.2018;47;1.790700;;
10400000;0;08.05.2018;47;1.790700;;
0;15000000;08.05.2018;47;1.405000;;
5000000;0;09.05.2018;48;1.799900;;
10000000;0;09.05.2018;48;1.799900;;
0;21000000;09.05.2018;48;1.799900;;
10400000;0;15.05.2018;54;1.838800;;
0;20900000;15.05.2018;54;1.838800;;
0;42000000;16.05.2018;55;1.850000;;
50000000;0;17.05.2018;56;1.884900;;
0;201000000;21.05.2018;60;1.884900;;
0;16700000;21.05.2018;60;1.884900;;
0;10400000;22.05.2018;61;1.903900;;
10400000;0;22.05.2018;61;1.903900;;
20800000;0;23.05.2018;62;1.919800;;
0;11000000;24.05.2018;63;1.943600;;
0;41600000;25.05.2018;64;1.943600;;
10400000;0;25.05.2018;64;1.943600;;
21000000;0;25.05.2018;64;1.943600;;
0;10400000;04.06.2018;74;2.017200;;
47600000;0;04.06.2018;74;2.017200;;
0;100000000;05.06.2018;75;2.024600;;
10000000;0;05.06.2018;75;2.024600;;
0;40000000;06.06.2018;76;2.025200;;
50000000;0;06.06.2018;76;2.025200;;
0;20800000;08.06.2018;78;2.047300;;
50000000;0;12.06.2018;82;2.071400;;
25000000;0;13.06.2018;83;2.088800;;
10900000;0;19.06.2018;89;2.177500;;
11000000;0;21.06.2018;91;2.222500;;
31000000;0;29.05.2018;68;1.984200;;
8300000;0;20.06.2018;90;2.201800;;
30000000;0;18.06.2018;88;2.145000;;
52000000;0;23.04.2018;32;1.744500;;
50300000;0;24.04.2018;33;1.741300;;
12500000;0;25.04.2018;34;1.745200;;
27400000;0;25.04.2018;34;1.745200;;
0;1000000;27.04.2018;36;1.760300;;
0;135400000;27.04.2018;36;1.760300;;
9000000;0;27.04.2018;36;1.760300;;
27000000;0;27.04.2018;36;1.760300;;
0;20000000;29.05.2018;68;1.984200;;
12000000;0;01.05.2018;40;1.773400;;
0;10500000;02.05.2018;41;1.777800;;
0;56000000;03.05.2018;42;1.787000;;
16800000;0;14.05.2018;53;1.833400;;
25000000;0;14.05.2018;53;1.833400;;
19200000;0;14.05.2018;53;1.833400;;
0;10000000;14.05.2018;53;1.833400;;
21000000;0;16.05.2018;55;1.850000;;
0;55000000;16.05.2018;55;1.850000;;
0;21000000;17.05.2018;56;1.884900;;
0;12600000;17.05.2018;56;1.884900;;
0;50000000;17.05.2018;56;1.884900;;
15000000;0;21.05.2018;60;1.884900;;
1000000;0;21.05.2018;60;1.884900;;
0;55200000;21.05.2018;60;1.884900;;
22000000;0;21.05.2018;60;1.884900;;
22000000;0;21.05.2018;60;1.892100;;
0;18000000;22.05.2018;61;1.903900;;
11000000;0;22.05.2018;61;1.903900;;
50600000;0;24.05.2018;63;1.943600;;
0;11000000;24.05.2018;63;1.943600;;
0;17800000;08.05.2018;47;1.790700;;
82000000;0;15.05.2018;54;1.960400;;
0;10400000;23.05.2018;62;1.919800;;
160000000;0;15.05.2018;54;1.838800;;
10000000;0;24.05.2018;63;1.943600;;
0;10400000;29.05.2018;68;1.956300;;
16600000;0;01.06.2018;71;2.006300;;
0;10000000;04.06.2018;74;2.017200;;
16600000;0;04.06.2018;74;2.017200;;
150900000;0;04.06.2018;74;2.024600;;
0;24200000;04.06.2018;74;2.024600;;
48079957.31;0;04.06.2018;74;2.024600;;
0;10000000;08.05.2018;47;1.793500;;
0;14500000;08.05.2018;47;1.790700;;
0;20800000;08.05.2018;47;1.790700;;
0;10000000;08.05.2018;47;1.790700;;
25000000;0;09.05.2018;48;1.799900;;
10000000;0;14.05.2018;53;1.833400;;
20000000;0;14.05.2018;53;1.833400;;
5000000;0;16.05.2018;55;1.850000;;
0;1000000;17.05.2018;56;1.884900;;
10000000;0;17.05.2018;56;1.884900;;
10000000;0;17.05.2018;56;1.884900;;
0;109800000;21.05.2018;60;1.892100;;
0;10000000;21.05.2018;60;1.892100;;
0;12000000;21.05.2018;60;1.892100;;
0;10000000;21.05.2018;60;1.892100;;
0;10000000;21.05.2018;60;1.892100;;
0;10000000;21.05.2018;60;1.892100;;
0;21000000;21.05.2018;60;1.892100;;
0;50000000;21.05.2018;60;1.892100;;
8000000;0;23.05.2018;62;1.919800;;
0;21000000;27.04.2018;36;1.472500;;
0;38000000;05.06.2018;75;2.024600;;
0;27500000;05.06.2018;75;2.024600;;
0;3000000;30.04.2018;39;1.760300;;
0;14000000;30.04.2018;39;1.772300;;
95000000;0;09.05.2018;48;1.799900;;
130000000;0;09.05.2018;48;1.799900;;
0;20400000;21.06.2018;91;2.222500;;
0;25000000;21.06.2018;91;2.222500;;
51000000;0;24.04.2018;33;1.741300;;
0;25000000;24.04.2018;33;1.741300;;
20500000;0;26.04.2018;35;1.752500;;
14300000;0;30.04.2018;39;1.760300;;
14300000;0;30.04.2018;39;1.772300;;
0;10200000;30.04.2018;39;1.772300;;
10600000;0;30.04.2018;39;1.772300;;
53100000;0;01.05.2018;40;1.773400;;
0;10600000;01.05.2018;40;1.773400;;
0;10600000;01.05.2018;40;1.773400;;
0;13500000;01.05.2018;40;1.773400;;
0;90000000;01.05.2018;40;1.773400;;
0;7400000;02.05.2018;41;1.777800;;
20500000;0;03.05.2018;42;1.787000;;
10200000;0;04.05.2018;43;1.787000;;
0;10600000;08.05.2018;47;1.793500;;
10000000;0;08.05.2018;47;1.793500;;
12300000;0;09.05.2018;48;1.799900;;
0;3200000;10.05.2018;49;1.810500;;
10500000;0;14.05.2018;53;1.833400;;
16400000;0;14.05.2018;53;1.833400;;
158000000;0;15.05.2018;54;1.838800;;
0;16400000;14.05.2018;53;1.833400;;
50000000;0;24.04.2018;33;1.741300;;
6300000;0;27.04.2018;36;1.760300;;
14600000;0;27.04.2018;36;1.760300;;
10000000;0;30.04.2018;39;1.772300;;
10400000;0;02.05.2018;41;1.777800;;
11000000;0;03.05.2018;42;1.787000;;
0;5000000;03.05.2018;42;1.787000;;
11300000;0;03.05.2018;42;1.787000;;
0;20000000;04.05.2018;43;1.787000;;
20800000;0;11.05.2018;50;1.810500;;
0;50700000;11.05.2018;50;1.810500;;
0;10000000;14.05.2018;53;1.833400;;
0;27300000;15.05.2018;54;1.838800;;
0;50800000;15.05.2018;54;1.838800;;
10000000;0;15.05.2018;54;1.838800;;
10400000;0;17.05.2018;56;1.884900;;
0;19100000;17.05.2018;56;1.884900;;
5000000;0;17.05.2018;56;1.884900;;
0;5500000;17.05.2018;56;1.884900;;
20900000;0;15.06.2018;85;2.124500;;
0;1250000;18.06.2018;88;2.145000;;
0;10000000;18.06.2018;88;2.177500;;
0;20900000;18.06.2018;88;2.177500;;
0;20900000;18.06.2018;88;2.177500;;
0;16700000;21.06.2018;91;2.222500;;
0;8700000;16.05.2018;55;1.850000;;
0;55000000;16.05.2018;55;1.850000;;
0;119000000;15.05.2018;54;1.838800;;
206000000;0;16.05.2018;55;1.850000;;
150000000;0;16.05.2018;55;1.850000;;
0;119000000;15.05.2018;54;1.838800;;
10300000;0;18.05.2018;57;1.884900;;
0;18600000;18.05.2018;57;1.884900;;
320000000;0;11.06.2018;81;1.722500;;
20800000;0;23.04.2018;32;1.744700;;
0;10400000;24.04.2018;33;1.741300;;
20800000;0;27.04.2018;36;1.760300;;
14600000;0;30.04.2018;39;1.760300;;
0;31300000;30.04.2018;39;1.760300;;
0;34000000;04.06.2018;74;2.024600;;
260000000;0;29.05.2018;68;1.984200;;
0;44000000;23.04.2018;32;1.744700;;
0;102000000;08.05.2018;47;1.787000;;
0;5500000;12.06.2018;82;2.071400;;
11000000;0;12.06.2018;82;2.071400;;
0;11100000;18.06.2018;88;2.145000;;
0;6000000;18.06.2018;88;2.177500;;
0;40000000;30.04.2018;39;1.766900;;
30000000;0;01.05.2018;40;1.773400;;
0;17000000;25.05.2018;64;1.943600;;
31000000;0;25.05.2018;64;1.943600;;
80000000;0;04.06.2018;74;1.668000;;
0;5000000;04.06.2018;74;2.024600;;
20000000;0;04.06.2018;74;2.024600;;
0;30600000;11.06.2018;81;2.057300;;
17000000;0;12.06.2018;82;2.071400;;
0;17000000;23.04.2018;32;1.744500;;
0;40000000;30.04.2018;39;1.760300;;
0;10000000;07.05.2018;46;1.787000;;
0;22000000;08.05.2018;47;1.789000;;
7500000;0;18.05.2018;57;1.884900;;
0;21000000;24.05.2018;63;1.943600;;
11000000;0;13.06.2018;83;2.088800;;
0;55000000;18.06.2018;88;2.177500;;
0;62000000;23.04.2018;32;1.744500;;
122000000;0;30.04.2018;39;1.760300;;
10000000;0;21.05.2018;60;1.892100;;
0;20000000;27.04.2018;36;2.184100;;
51000000;0;13.06.2018;83;2.088800;;
0;261500000;30.04.2018;39;1.766900;;
0;82000000;15.05.2018;54;1.838800;;
22000000;0;06.06.2018;76;2.025200;;
18000000;0;15.05.2018;54;1.838800;;
17000000;0;11.06.2018;81;2.071400;;
0;5500000;12.06.2018;82;2.071400;;
0;5600000;18.06.2018;88;2.177500;;
0;20000000;23.04.2018;32;1.744500;;
0;40000000;30.04.2018;39;1.766900;;
20000000;0;14.05.2018;53;1.810500;;
17000000;0;14.05.2018;53;1.820000;;
40000000;0;14.05.2018;53;1.833400;;
40000000;0;21.05.2018;60;1.884900;;
0;23000000;25.05.2018;64;1.943600;;
90000000;0;04.06.2018;74;1.668000;;
25864700;0;04.06.2018;74;1.668000;;
0;17000000;13.06.2018;83;2.088800;;
0;30000000;23.04.2018;32;1.744500;;
0;12000000;23.04.2018;32;1.744500;;
0;17000000;30.04.2018;39;1.766900;;
0;28000000;30.04.2018;39;1.772300;;
0;27500000;30.04.2018;39;1.772300;;
0;11000000;08.05.2018;47;1.789000;;
0;31000000;08.05.2018;47;1.793500;;
0;30000000;10.05.2018;49;1.810500;;
17000000;0;10.05.2018;49;1.810500;;
0;59424451;18.05.2018;57;1.884900;;
10000000;0;04.06.2018;74;2.024600;;
0;100000000;11.06.2018;81;2.071400;;
0;50000000;12.06.2018;82;2.071400;;
16400000;0;18.06.2018;88;2.177500;;
28000000;0;20.06.2018;90;2.201800;;
0;16000000;21.06.2018;91;2.222500;;
25300000;0;25.04.2018;34;1.745200;;
0;15000000;30.04.2018;39;1.766900;;
10000000;0;07.05.2018;46;1.787000;;
0;10000000;14.05.2018;53;1.810500;;
71000000;0;21.05.2018;60;1.884900;;
0;20000000;04.06.2018;74;2.017200;;
44000000;0;04.06.2018;74;2.024600;;
20000000;0;04.06.2018;74;2.024600;;
27000000;0;12.06.2018;82;2.071400;;
25000000;0;20.06.2018;90;2.201800;;
10000000;0;23.04.2018;32;1.744500;;
30900000;0;30.04.2018;39;1.760300;;
20000000;0;27.04.2018;36;1.760300;;
82500000;0;04.05.2018;43;1.787000;;
14000000;0;03.05.2018;42;1.787000;;
0;12500000;08.05.2018;47;1.789000;;
0;10400000;08.05.2018;47;1.789000;;
20800000;0;08.05.2018;47;1.793500;;
70000000;0;15.06.2018;85;2.126600;;
18400000;0;15.06.2018;85;2.124500;;
0;6100000;18.06.2018;88;2.145000;;
0;12200000;19.06.2018;89;2.177500;;
0;10200000;20.06.2018;90;2.201800;;
16300000;0;20.06.2018;90;2.201800;;
0;100800000;20.06.2018;90;2.201800;;
20400000;0;21.06.2018;91;2.222500;;
20400000;0;21.06.2018;91;2.222500;;
78000000;0;15.05.2018;54;1.838800;;
0;156000000;15.05.2018;54;1.838800;;
0;26300000;24.04.2018;33;1.741300;;
0;14300000;25.04.2018;34;1.745200;;
10200000;0;26.04.2018;35;1.752500;;
20500000;0;27.04.2018;36;1.760300;;
0;10200000;27.04.2018;36;1.760300;;
10200000;0;30.04.2018;39;1.760300;;
20500000;0;30.04.2018;39;1.772300;;
0;20500000;30.04.2018;39;1.772300;;
10200000;0;30.04.2018;39;1.772300;;
0;102500000;01.05.2018;40;1.773400;;
0;19600000;01.05.2018;40;1.773400;;
0;13100000;01.05.2018;40;1.773400;;
97000000;0;01.05.2018;40;1.773400;;
10000000;0;08.05.2018;47;1.793500;;
14300000;0;10.05.2018;49;1.810500;;
0;16400000;14.05.2018;53;1.833400;;
0;10300000;14.05.2018;53;1.833400;;
0;16400000;14.05.2018;53;1.833400;;
0;12700000;14.05.2018;53;1.833400;;
21300000;0;13.06.2018;83;2.088800;;
0;204700000;15.06.2018;85;2.124500;;
115000000;0;11.06.2018;81;1.722500;;
20900000;0;23.04.2018;32;1.744700;;
50000000;0;26.04.2018;35;1.752500;;
20900000;0;26.04.2018;35;1.752500;;
0;20900000;30.04.2018;39;1.772300;;
0;16700000;30.04.2018;39;1.772300;;
18800000;0;30.04.2018;39;1.772300;;
75000000;0;30.04.2018;39;1.772300;;
0;54800000;01.05.2018;40;1.773400;;
50300000;0;01.05.2018;40;1.773400;;
0;10400000;03.05.2018;42;1.787000;;
0;10000000;03.05.2018;42;1.787000;;
0;50700000;03.05.2018;42;1.787000;;
0;10000000;03.05.2018;42;1.787000;;
0;11000000;03.05.2018;42;1.787000;;
10000000;0;08.05.2018;47;1.793500;;
10900000;0;11.05.2018;50;1.810500;;
20000000;0;13.06.2018;83;2.088800;;
20800000;0;14.05.2018;53;1.833400;;
10000000;0;14.05.2018;53;1.833400;;
0;10000000;14.05.2018;53;1.833400;;
52100000;0;15.05.2018;54;1.838800;;
10000000;0;17.05.2018;56;1.884900;;
10300000;0;22.05.2018;61;1.903900;;
0;10300000;23.05.2018;62;1.919800;;
8300000;0;25.05.2018;64;1.943600;;
6200000;0;25.05.2018;64;1.943600;;
0;109000000;29.05.2018;68;1.984200;;
10300000;0;01.06.2018;71;2.006300;;
0;207000000;05.06.2018;75;2.024600;;
0;20700000;06.06.2018;76;2.025200;;
20700000;0;06.06.2018;76;2.025200;;
10000000;0;07.06.2018;77;2.034900;;
12400000;0;07.06.2018;77;2.034900;;
160000000;0;15.05.2018;54;1.838800;;
0;20000000;12.06.2018;82;2.071400;;
160000000;0;15.05.2018;54;1.838800;;
0;41500000;14.06.2018;84;2.106900;;
0;12400000;14.06.2018;84;2.106900;;
0;102700000;15.06.2018;85;2.124500;;
0;12800000;18.06.2018;88;2.145000;;
0;109200000;18.06.2018;88;2.145000;;
0;100000000;18.06.2018;88;2.145000;;
10400000;0;19.06.2018;89;2.177500;;
76000000;0;19.06.2018;89;2.177500;;
12000000;0;18.05.2018;57;1.884900;;
0;4800000;30.04.2018;39;1.760300;;
55000000;0;09.05.2018;48;1.799900;;
0;340000000;09.05.2018;48;1.799900;;
31411.22;0;16.05.2018;55;2.136000;;
10000000;0;23.04.2018;32;1.744500;;
10000000;0;23.04.2018;32;1.744500;;
54800000;0;24.04.2018;33;1.741300;;
0;24900000;25.04.2018;34;1.745200;;
0;20700000;25.04.2018;34;1.745200;;
0;31500000;26.04.2018;35;1.752500;;
0;27300000;26.04.2018;35;1.752500;;
0;75000000;26.04.2018;35;1.752500;;
54800000;0;27.04.2018;36;1.760300;;
13000000;0;27.04.2018;36;1.760300;;
7000000;0;27.04.2018;36;1.760300;;
51900000;0;27.04.2018;36;1.760300;;
0;27400000;27.04.2018;36;1.760300;;
0;10000000;30.04.2018;39;1.766900;;
18900000;0;30.04.2018;39;1.766900;;
7600000;0;30.04.2018;39;1.766900;;
0;1200000;30.04.2018;39;1.766900;;
0;10000000;30.04.2018;39;1.766900;;
12000000;0;30.04.2018;39;1.772300;;
0;10000000;08.05.2018;47;1.789000;;
109400000;0;08.05.2018;47;1.789000;;
0;85000000;29.05.2018;68;1.943600;;
0;22500000;16.05.2018;55;1.850000;;
53100000;0;16.05.2018;55;1.850000;;
0;21200000;16.05.2018;55;1.850000;;
21200000;0;16.05.2018;55;1.850000;;
0;45300000;22.05.2018;61;1.903900;;
53100000;0;22.05.2018;61;1.903900;;
28300000;0;29.05.2018;68;1.943600;;
0;25500000;29.05.2018;68;1.984200;;
106500000;0;04.06.2018;74;2.017200;;
100000000;0;04.06.2018;74;2.017200;;
150000000;0;04.06.2018;74;2.017200;;
0;21300000;05.06.2018;75;2.024600;;
0;21300000;08.06.2018;78;2.047300;;
106500000;0;15.06.2018;85;2.124500;;
15000000;0;08.05.2018;47;1.790700;;
0;50000000;14.05.2018;53;1.810500;;
0;12500000;21.05.2018;60;1.884900;;
0;14500000;22.05.2018;61;1.903900;;
0;10400000;22.05.2018;61;1.903900;;
38600000;0;22.05.2018;61;1.903900;;
10400000;0;22.05.2018;61;1.903900;;
80000000;0;15.05.2018;54;1.838800;;
10500000;0;24.05.2018;63;1.943600;;
0;8300000;24.05.2018;63;1.943600;;
11000000;0;24.05.2018;63;1.943600;;
303100000;0;25.05.2018;64;1.943600;;
0;10400000;01.06.2018;71;2.006300;;
0;100000000;04.06.2018;74;2.017200;;
10000000;0;05.06.2018;75;2.024600;;
0;87921000;18.06.2018;88;2.310000;;
56400000;0;14.05.2018;53;1.810500;;
0;1000000;27.04.2018;36;1.760300;;
9400000;0;27.04.2018;36;1.760300;;
12200000;0;27.04.2018;36;1.760300;;
0;210000000;27.04.2018;36;1.760300;;
0;20000000;30.04.2018;39;1.766900;;
0;27000000;30.04.2018;39;1.772300;;
0;20000000;02.05.2018;41;1.777800;;
9000000;0;02.05.2018;41;1.777800;;
106300000;0;03.05.2018;42;1.787000;;
50000000;0;08.05.2018;47;1.790700;;
0;25000000;10.05.2018;49;1.810500;;
0;47500000;14.05.2018;53;1.833400;;
0;13600000;14.05.2018;53;1.833400;;
20000000;0;14.05.2018;53;1.833400;;
104400000;0;16.05.2018;55;1.850000;;
0;11000000;17.05.2018;56;1.872500;;
0;11000000;21.05.2018;60;1.884900;;
104900000;0;21.05.2018;60;1.884900;;
0;21000000;21.05.2018;60;1.892100;;
0;11000000;22.05.2018;61;1.903900;;
11000000;0;22.05.2018;61;1.903900;;
47500000;0;24.05.2018;63;1.943600;;
20900000;0;24.05.2018;63;1.943600;;
0;50000000;29.05.2018;68;1.984200;;
0;41000000;15.05.2018;54;1.960400;;
22000000;0;01.06.2018;71;2.006300;;
0;100000000;04.06.2018;74;2.024600;;
0;30000000;04.06.2018;74;2.024600;;
5000000;0;04.06.2018;74;2.024600;;
11000000;0;06.06.2018;76;2.025200;;
0;55400000;06.06.2018;76;2.025200;;
0;67000000;06.06.2018;76;2.025200;;
0;27200000;07.06.2018;77;2.034900;;
61300000;0;07.06.2018;77;2.034900;;
0;100000000;07.06.2018;77;2.034900;;
0;39000000;08.06.2018;78;2.047300;;
0;100000000;08.06.2018;78;2.047300;;
11000000;0;11.06.2018;81;2.071400;;
0;12000000;11.06.2018;81;2.071400;;
0;250000000;13.06.2018;83;2.088800;;
0;21100000;18.06.2018;88;2.177500;;
0;81582000;15.05.2018;54;1.960400;;
1100000;0;24.04.2018;33;1.741300;;
56200000;0;24.04.2018;33;1.741300;;
0;106000000;24.04.2018;33;1.741300;;
0;12300000;30.04.2018;39;1.760300;;
0;28700000;30.04.2018;39;1.760300;;
21200000;0;30.04.2018;39;1.760300;;
0;71600000;30.04.2018;39;1.772300;;
41000000;0;15.05.2018;54;1.960400;;
7800000;0;30.04.2018;39;1.760300;;
0;17900000;16.05.2018;55;1.850000;;
0;16500000;16.05.2018;55;1.850000;;
0;132500000;16.05.2018;55;1.850000;;
0;101500000;17.05.2018;56;1.618100;;
10300000;0;18.05.2018;57;1.884900;;
20700000;0;22.05.2018;61;1.903900;;
108500000;0;22.05.2018;61;1.903900;;
0;23100000;23.05.2018;62;1.919800;;
16500000;0;25.05.2018;64;1.943600;;
6200000;0;25.05.2018;64;1.943600;;
207000000;0;29.05.2018;68;1.984200;;
24800000;0;30.05.2018;69;1.984200;;
0;31000000;01.06.2018;71;2.006300;;
18600000;0;04.06.2018;74;2.017200;;
50000000;0;05.06.2018;75;2.024600;;
16600000;0;07.06.2018;77;2.034900;;
79000000;0;15.05.2018;54;1.838800;;
54500000;0;07.06.2018;77;2.034900;;
0;301500000;08.06.2018;78;2.047300;;
15000000;0;12.06.2018;82;2.071400;;
0;31200000;19.06.2018;89;2.177500;;
21300000;0;21.06.2018;91;2.222500;;
230000000;0;11.06.2018;81;2.057300;;
0;14400000;08.06.2018;78;2.047300;;
10300000;0;11.06.2018;81;2.071400;;
20600000;0;11.06.2018;81;2.071400;;
12400000;0;21.06.2018;91;2.222500;;
20500000;0;23.04.2018;32;1.744700;;
14300000;0;23.04.2018;32;1.744500;;
0;14300000;30.04.2018;39;1.760300;;
10300000;0;03.05.2018;42;1.787000;;
26800000;0;04.05.2018;43;1.787000;;
10800000;0;04.05.2018;43;1.787000;;
34700000;0;10.05.2018;49;1.810500;;
20600000;0;16.05.2018;55;1.850000;;
0;14400000;17.05.2018;56;1.884900;;
0;10300000;04.06.2018;74;2.017200;;
10300000;0;07.06.2018;77;2.034900;;
10300000;0;07.06.2018;77;2.034900;;
0;12400000;08.06.2018;78;2.047300;;
10300000;0;14.06.2018;84;2.106900;;
0;10300000;15.06.2018;85;2.124500;;
12000000;0;18.06.2018;88;2.177500;;
10900000;0;18.05.2018;57;1.884900;;
95400000;0;21.05.2018;60;1.892100;;
20800000;0;22.05.2018;61;1.903900;;
10400000;0;17.05.2018;56;1.884900;;
95500000;0;22.05.2018;61;1.903900;;
0;2700000;22.05.2018;61;1.903900;;
0;5000000;25.05.2018;64;1.943600;;
0;5000000;25.05.2018;64;1.943600;;
0;174800000;30.05.2018;69;1.984200;;
0;34100000;01.06.2018;71;2.006300;;
0;41800000;01.06.2018;71;2.006300;;
0;43400000;07.06.2018;77;2.034900;;
0;24900000;11.06.2018;81;2.071400;;
10400000;0;12.06.2018;82;2.071400;;
119700000;0;15.05.2018;54;1.838800;;
7700000;0;13.06.2018;83;2.088800;;
200500000;0;18.06.2018;88;2.177500;;
0;27000000;18.06.2018;88;2.177500;;
120300000;0;15.05.2018;54;1.838800;;
15500000;0;21.06.2018;91;2.222500;;
240700000;0;21.05.2018;60;1.884900;;
10400000;0;22.05.2018;61;1.903900;;
0;10000000;23.05.2018;62;1.919800;;
16800000;0;23.04.2018;32;1.744500;;
50000000;0;02.05.2018;41;1.773400;;
0;18000000;09.05.2018;48;1.799900;;
0;22531.93;18.05.2018;57;2.035000;;
0;31540.60;18.05.2018;57;2.040000;;
0;11219.09;23.05.2018;62;2.070000;;
0;22743.97;23.04.2018;32;2.196000;;
0;53359.31;24.04.2018;33;2.750000;;
26598.02;0;30.04.2018;39;2.750000;;
26524.42;0;08.05.2018;47;2.750000;;
0;26524.42;08.05.2018;47;2.750000;;
0;8918.16;21.05.2018;60;3;;
0;9673.10;29.05.2018;68;3;;
0;10273.31;05.06.2018;75;3;;
0;11271.33;19.06.2018;89;3;;
8842.28;0;21.05.2018;60;2.850000;;
7700000;0;18.05.2018;57;1.884900;;
0;7700000;18.05.2018;57;1.884900;;
0;5200000;18.05.2018;57;1.884900;;
0;10000000;22.05.2018;61;1.903900;;
47800000;0;22.05.2018;61;1.903900;;
0;50000000;22.05.2018;61;1.903900;;
5000000;0;24.05.2018;63;1.943600;;
0;28600000;30.05.2018;69;1.984200;;
151200000;0;30.05.2018;69;1.984200;;
41600000;0;30.05.2018;69;1.984200;;
41600000;0;30.05.2018;69;1.984200;;
119600000;0;01.06.2018;71;2.006300;;
0;119000000;15.05.2018;54;1.838800;;
0;27100000;12.06.2018;82;2.071400;;
4200000;0;13.06.2018;83;2.088800;;
40100000;0;18.06.2018;88;2.177500;;
0;50000000;25.04.2018;34;1.745200;;
50900000;0;10.05.2018;49;1.810500;;
0;20500000;08.06.2018;78;2.047300;;
0;5100000;14.06.2018;84;2.106900;;
6100000;0;14.06.2018;84;2.106900;;
10300000;0;18.06.2018;88;2.177500;;
100000000;0;27.04.2018;36;1.760300;;
0;50000000;26.05.2018;65;1.056000;;
0;40000000;31.05.2018;70;2.539400;;
20500000;0;25.04.2018;34;1.745200;;
0;20400000;26.04.2018;35;1.752500;;
10200000;0;26.04.2018;35;1.752500;;
10200000;0;30.04.2018;39;1.760300;;
10200000;0;30.04.2018;39;1.772300;;
0;6400000;30.04.2018;39;1.772300;;
0;13100000;01.05.2018;40;1.773400;;
0;15900000;01.05.2018;40;1.773400;;
23400000;0;01.05.2018;40;1.773400;;
29600000;0;01.05.2018;40;1.773400;;
48600000;0;01.05.2018;40;1.773400;;
10200000;0;03.05.2018;42;1.787000;;
0;10200000;03.05.2018;42;1.787000;;
12300000;0;03.05.2018;42;1.787000;;
0;30700000;03.05.2018;42;1.787000;;
0;500000000;04.05.2018;43;1.787000;;
0;40900000;04.05.2018;43;1.787000;;
6200000;0;10.05.2018;49;1.810500;;
10200000;0;14.05.2018;53;1.833400;;
14300000;0;14.05.2018;53;1.833400;;
0;16400000;14.05.2018;53;1.833400;;
0;10300000;14.05.2018;53;1.833400;;
0;10000000;08.05.2018;47;1.793500;;
0;10000000;08.05.2018;47;1.793500;;
31200000;0;08.05.2018;47;1.793500;;
0;14500000;10.05.2018;49;1.810500;;
6000000;0;14.05.2018;53;1.820000;;
12500000;0;15.05.2018;54;1.838800;;
10000000;0;16.05.2018;55;1.850000;;
5000000;0;16.05.2018;55;1.850000;;
6000000;0;16.05.2018;55;1.850000;;
10000000;0;17.05.2018;56;1.884900;;
0;10000000;21.05.2018;60;1.892100;;
0;15000000;21.05.2018;60;1.892100;;
0;10000000;21.05.2018;60;1.892100;;
16600000;0;23.05.2018;62;1.919800;;
10000000;0;23.05.2018;62;1.919800;;
31200000;0;24.05.2018;63;1.943600;;
0;20800000;24.05.2018;63;1.943600;;
0;10400000;29.05.2018;68;1.956300;;
10400000;0;01.06.2018;71;2.006300;;
0;10000000;04.06.2018;74;2.017200;;
31300000;0;04.06.2018;74;2.024600;;
20800000;0;04.06.2018;74;2.017200;;
20000000;0;04.06.2018;74;2.024600;;
151000000;0;04.06.2018;74;2.024600;;
60543482.51;0;04.06.2018;74;2.024600;;
0;10000000;06.06.2018;76;2.025200;;
10400000;0;06.06.2018;76;2.025200;;
5300000;0;07.06.2018;77;2.034900;;
0;104400000;08.06.2018;78;2.047300;;
10000000;0;11.06.2018;81;2.057300;;
0;10000000;11.06.2018;81;2.057300;;
26000000;0;07.06.2018;77;2.034900;;
0;104400000;11.06.2018;81;2.071400;;
18800000;0;13.06.2018;83;2.088800;;
0;10500000;13.06.2018;83;2.088800;;
10000000;0;13.06.2018;83;2.088800;;
0;16700000;14.06.2018;84;2.106900;;
0;10000000;14.06.2018;84;2.106900;;
0;10000000;14.06.2018;84;2.106900;;
0;8000000;18.06.2018;88;2.145000;;
0;81000000;15.05.2018;54;1.838800;;
31400000;0;18.06.2018;88;2.145000;;
0;12000000;19.06.2018;89;2.177500;;
0;20900000;18.06.2018;88;2.177500;;
14600000;0;20.06.2018;90;2.201800;;
0;208800000;20.06.2018;90;2.201800;;
110300000;0;20.06.2018;90;2.201800;;
261500000;0;30.04.2018;39;0.849500;;
82000000;0;15.05.2018;54;0.980000;;
106100000;0;01.05.2018;40;1.773400;;
6400000;0;01.05.2018;40;1.773400;;
183500000;0;02.05.2018;41;1.777800;;
0;10300000;30.04.2018;39;1.760300;;
20600000;0;30.04.2018;39;1.772300;;
0;90000000;30.04.2018;39;1.772300;;
0;27400000;03.05.2018;42;1.787000;;
0;20600000;08.05.2018;47;1.787000;;
10300000;0;08.05.2018;47;1.793500;;
14400000;0;08.05.2018;47;1.793500;;
0;10300000;10.05.2018;49;1.810500;;
0;10300000;14.05.2018;53;1.833400;;
0;20600000;24.05.2018;63;1.943600;;
14400000;0;29.05.2018;68;1.943600;;
0;14400000;29.05.2018;68;1.943600;;
0;78491509.05;31.05.2018;70;1.984200;;
10300000;0;29.05.2018;68;1.956300;;
10300000;0;01.06.2018;71;2.006300;;
10300000;0;01.06.2018;71;2.006300;;
0;14400000;04.06.2018;74;2.017200;;
14400000;0;04.06.2018;74;2.017200;;
0;10300000;04.06.2018;74;2.017200;;
200000000;0;04.06.2018;74;2.024600;;
0;10300000;08.06.2018;78;2.047300;;
20600000;0;11.06.2018;81;2.071400;;
10300000;0;11.06.2018;81;2.071400;;
0;14400000;14.06.2018;84;2.106900;;
0;10300000;18.06.2018;88;2.145000;;
0;14300000;30.04.2018;39;1.760300;;
0;10800000;02.05.2018;41;1.777800;;
0;14100000;04.05.2018;43;1.787000;;
0;20500000;04.05.2018;43;1.787000;;
20600000;0;14.05.2018;53;1.810500;;
0;10900000;16.05.2018;55;1.850000;;
10400000;0;16.05.2018;55;1.850000;;
0;5400000;17.05.2018;56;1.884900;;
0;10300000;04.06.2018;74;2.024600;;
6000000;0;07.06.2018;77;2.034900;;
0;10300000;08.06.2018;78;2.047300;;
0;16500000;11.06.2018;81;2.071400;;
0;6000000;11.06.2018;81;2.071400;;
12400000;0;14.06.2018;84;2.106900;;
12400000;0;18.06.2018;88;2.145000;;
20500000;0;23.04.2018;32;1.744700;;
67300000;0;21.05.2018;60;1.884900;;
0;5000000;11.06.2018;81;2.071400;;
8200000;0;14.06.2018;84;2.106900;;
0;12300000;15.06.2018;85;2.124500;;
0;10300000;18.06.2018;88;2.145000;;
15300000;0;18.06.2018;88;2.177500;;
8200000;0;18.06.2018;88;2.177500;;
0;50000000;08.05.2018;47;1.789000;;
0;130000000;23.04.2018;32;1.744700;;
0;26400000;10.05.2018;49;1.810500;;
65000000;0;15.06.2018;85;2.124500;;
140000000;0;14.06.2018;84;2.106900;;
0;50000000;09.05.2018;48;1.799900;;
115000000;0;09.05.2018;48;1.799900;;
16000000;0;23.04.2018;32;1.744700;;
0;22000000;25.04.2018;34;1.745200;;
0;15000000;30.04.2018;39;1.766900;;
245000000;0;31.05.2018;70;1.984200;;
163000000;0;21.05.2018;60;1.884900;;
10000000;0;23.04.2018;32;1.744500;;
0;54700000;24.04.2018;33;1.741300;;
10000000;0;24.04.2018;33;1.741300;;
22800000;0;24.04.2018;33;1.741300;;
0;104000000;24.04.2018;33;1.741300;;
0;12500000;25.04.2018;34;1.745200;;
0;52000000;25.04.2018;34;1.745200;;
0;104000000;27.04.2018;36;1.760300;;
14000000;0;27.04.2018;36;1.760300;;
0;52000000;27.04.2018;36;1.760300;;
11000000;0;30.04.2018;39;1.766900;;
0;2500000;30.04.2018;39;1.766900;;
1000000;0;30.04.2018;39;1.766900;;
200000000;0;23.04.2018;32;1.744700;;
0;26000000;21.05.2018;60;1.884900;;
20000000;0;23.05.2018;62;1.919800;;
10200000;0;14.06.2018;84;2.106900;;
0;6100000;14.06.2018;84;2.106900;;
12300000;0;15.06.2018;85;2.124500;;
0;8200000;18.06.2018;88;2.145000;;
0;50000000;24.05.2018;63;1.030000;;
0;11100000;01.05.2018;40;1.773400;;
0;17000000;16.05.2018;55;1.850000;;
0;97000000;21.05.2018;60;1.884900;;
0;60000000;22.05.2018;61;1.903900;;
20000000;0;05.06.2018;75;2.024600;;
0;34000000;05.06.2018;75;2.024600;;
22000000;0;30.04.2018;39;1.760300;;
4500000;0;04.05.2018;43;1.787000;;
2100000;0;08.05.2018;47;1.787000;;
0;12400000;08.05.2018;47;1.787000;;
27500000;0;15.05.2018;54;1.838800;;
54900000;0;08.06.2018;78;2.047300;;
0;12800000;11.06.2018;81;2.071400;;
0;16300000;23.04.2018;32;1.744500;;
10200000;0;23.04.2018;32;1.744500;;
20500000;0;24.04.2018;33;1.741300;;
21000000;0;27.04.2018;36;1.562200;;
102600000;0;27.04.2018;36;1.760300;;
0;55000000;15.06.2018;85;2.124500;;
0;72100000;15.06.2018;85;2.124500;;
0;90000000;04.06.2018;74;1.668000;;
0;80000000;04.06.2018;74;1.668000;;
10300000;0;26.04.2018;35;1.752500;;
11300000;0;30.04.2018;39;1.760300;;
20500000;0;04.05.2018;43;1.787000;;
20500000;0;04.05.2018;43;1.787000;;
12700000;0;08.05.2018;47;1.787000;;
10200000;0;08.05.2018;47;1.787000;;
10300000;0;08.05.2018;47;1.789000;;
0;10300000;10.05.2018;49;1.810500;;
10300000;0;10.05.2018;49;1.810500;;
10300000;0;14.05.2018;53;1.810500;;
38300000;0;17.05.2018;56;1.884900;;
0;52000000;23.05.2018;62;1.919800;;
0;10300000;23.05.2018;62;1.919800;;
0;27000000;04.06.2018;74;2.017200;;
0;2910881.55;29.05.2018;68;7.750000;;
0;5418259.76;30.04.2018;39;3.723000;;
0;630619.90;30.04.2018;39;9.125000;;
678172.92;0;29.05.2018;68;6.875000;;
0;851826.28;29.05.2018;68;6.875000;;
0;375731.11;27.04.2018;36;3;;
0;905331.69;27.04.2018;36;3;;
41600000;0;03.05.2018;42;1.787000;;
0;31200000;08.05.2018;47;1.789000;;
0;151400000;08.05.2018;47;1.789000;;
180000000;0;18.06.2018;88;2.177500;;
75000000;0;08.05.2018;47;1.793500;;
0;10000000;08.05.2018;47;1.790700;;
15000000;0;09.05.2018;48;1.799900;;
54700000;0;09.05.2018;48;1.799900;;
0;15000000;10.05.2018;49;1.810500;;
10000000;0;14.05.2018;53;1.820000;;
20800000;0;14.05.2018;53;1.833400;;
20800000;0;14.05.2018;53;1.820000;;
10000000;0;14.05.2018;53;1.820000;;
15000000;0;15.05.2018;54;1.838800;;
10000000;0;15.05.2018;54;1.838800;;
7000000;0;16.05.2018;55;1.850000;;
10000000;0;16.05.2018;55;1.850000;;
10000000;0;17.05.2018;56;1.884900;;
10000000;0;17.05.2018;56;1.884900;;
208200000;0;21.05.2018;60;1.892100;;
10000000;0;21.05.2018;60;1.892100;;
0;50000000;21.05.2018;60;1.892100;;
0;10000000;21.05.2018;60;1.892100;;
10400000;0;23.05.2018;62;1.919800;;
0;20800000;23.05.2018;62;1.919800;;
0;10400000;24.05.2018;63;1.943600;;
0;16600000;29.05.2018;68;1.984200;;
31300000;0;04.06.2018;74;2.017200;;
10000000;0;04.06.2018;74;2.024600;;
0;116900000;04.06.2018;74;2.024600;;
0;10400000;04.06.2018;74;2.024600;;
0;164000000;04.06.2018;74;2.024600;;
20130000;0;04.06.2018;74;2.024600;;
0;107067637.10;04.06.2018;74;2.024600;;
6100000;0;04.06.2018;74;2.024600;;
10400000;0;06.06.2018;76;2.025200;;
10400000;0;07.06.2018;77;2.034900;;
20900000;0;07.06.2018;77;2.034900;;
0;25100000;08.06.2018;78;2.047300;;
55100000;0;08.06.2018;78;2.047300;;
0;161000000;15.05.2018;54;1.838800;;
0;10000000;11.06.2018;81;2.057300;;
55300000;0;11.06.2018;81;2.071400;;
55200000;0;11.06.2018;81;2.071400;;
20900000;0;11.06.2018;81;2.071400;;
1400000;0;13.06.2018;83;2.088800;;
50000000;0;13.06.2018;83;2.088800;;
126000000;0;13.06.2018;83;2.088800;;
10000000;0;14.06.2018;84;2.106900;;
10000000;0;14.06.2018;84;2.106900;;
0;10000000;15.06.2018;85;2.124500;;
0;20900000;15.06.2018;85;2.124500;;
20900000;0;15.06.2018;85;2.124500;;
12000000;0;18.06.2018;88;2.145000;;
10000000;0;18.06.2018;88;2.145000;;
0;30000000;18.06.2018;88;2.145000;;
200000000;0;18.06.2018;88;2.145000;;
0;20900000;20.06.2018;90;2.201800;;
10400000;0;23.04.2018;32;1.744500;;
10000000;0;23.04.2018;32;1.744500;;
0;10400000;24.04.2018;33;1.741300;;
0;38600000;24.04.2018;33;1.741300;;
15100000;0;27.04.2018;36;1.760300;;
20800000;0;26.04.2018;35;1.752500;;
0;52100000;27.04.2018;36;1.760300;;
0;10000000;30.04.2018;39;1.766900;;
17200000;0;30.04.2018;39;1.766900;;
0;10000000;30.04.2018;39;1.766900;;
5600000;0;30.04.2018;39;1.766900;;
25000000;0;30.04.2018;39;1.760300;;
10000000;0;30.04.2018;39;1.766900;;
0;20800000;30.04.2018;39;1.766900;;
0;10000000;30.04.2018;39;1.772300;;
0;75000000;01.05.2018;40;1.773400;;
0;16600000;02.05.2018;41;1.777800;;
10000000;0;03.05.2018;42;1.787000;;
0;20400000;15.06.2018;85;2.124500;;
70000000;0;15.06.2018;85;2.337500;;
0;204000000;19.06.2018;89;2.177500;;
0;10200000;19.06.2018;89;2.177500;;
0;20400000;20.06.2018;90;2.201800;;
14300000;0;20.06.2018;90;2.201800;;
20400000;0;01.06.2018;71;2.006300;;
0;30600000;04.06.2018;74;2.024600;;
0;29250000;30.04.2018;39;1.760300;;
0;103000000;11.06.2018;81;2.071400;;
10200000;0;23.04.2018;32;1.744700;;
10200000;0;25.04.2018;34;1.745200;;
0;10200000;25.04.2018;34;1.745200;;
30500000;0;30.04.2018;39;1.760300;;
0;12200000;30.04.2018;39;1.760300;;
100000000;0;11.05.2018;50;1.810500;;
0;14300000;14.05.2018;53;1.810500;;
0;10200000;16.05.2018;55;1.850000;;
6300000;0;18.05.2018;57;1.884900;;
4400000;0;22.05.2018;61;1.903900;;
6300000;0;31.05.2018;70;1.984200;;
0;14300000;01.06.2018;71;2.006300;;
14300000;0;06.06.2018;76;2.025200;;
8500000;0;06.06.2018;76;2.025200;;
20800000;0;08.05.2018;47;1.789000;;
6200000;0;08.05.2018;47;1.793500;;
0;12500000;08.05.2018;47;1.790700;;
10000000;0;08.05.2018;47;1.790700;;
0;20800000;08.05.2018;47;1.790700;;
5000000;0;09.05.2018;48;1.799900;;
0;20800000;09.05.2018;48;1.799900;;
0;15000000;10.05.2018;49;1.810500;;
0;10400000;08.05.2018;47;1.789000;;
0;10200000;06.06.2018;76;2.025200;;
10200000;0;06.06.2018;76;2.025200;;
0;50000000;15.06.2018;85;2.124500;;
0;70000000;15.06.2018;85;2.126600;;
0;14300000;18.06.2018;88;2.145000;;
40800000;0;18.06.2018;88;2.145000;;
0;10200000;19.06.2018;89;2.177500;;
20400000;0;20.06.2018;90;2.201800;;
29500000;0;20.06.2018;90;2.201800;;
10200000;0;20.06.2018;90;2.201800;;
40800000;0;21.06.2018;91;2.222500;;
0;49300000;30.04.2018;39;1.760300;;
10400000;0;30.04.2018;39;1.760300;;
0;46400000;30.04.2018;39;1.772300;;
0;20900000;01.05.2018;40;1.773400;;
0;11000000;01.05.2018;40;1.773400;;
0;10400000;03.05.2018;42;1.787000;;
46300000;0;03.05.2018;42;1.787000;;
0;31300000;03.05.2018;42;1.787000;;
38100000;0;04.05.2018;43;1.787000;;
0;31300000;09.05.2018;48;1.799900;;
0;50800000;11.05.2018;50;1.810500;;
0;20800000;14.05.2018;53;1.833400;;
0;10900000;14.05.2018;53;1.833400;;
0;1100000;15.05.2018;54;1.838800;;
20800000;0;17.05.2018;56;1.884900;;
7600000;0;17.05.2018;56;1.884900;;
15000000;0;17.05.2018;56;1.884900;;
0;10900000;17.05.2018;56;1.884900;;
0;7700000;18.05.2018;57;1.884900;;
0;8300000;21.05.2018;60;1.892100;;
0;25000000;22.05.2018;61;1.903900;;
5000000;0;16.05.2018;55;1.850000;;
20000000;0;29.05.2018;68;1.943600;;
15000000;0;30.05.2018;69;1.984200;;
0;51600000;30.05.2018;69;1.984200;;
10800000;0;31.05.2018;70;1.984200;;
75000000;0;01.06.2018;71;2.006300;;
75000000;0;01.06.2018;71;2.006300;;
0;41800000;01.06.2018;71;2.006300;;
0;66700000;01.06.2018;71;2.006300;;
0;54300000;01.06.2018;71;2.006300;;
0;36900000;07.06.2018;77;2.034900;;
36900000;0;07.06.2018;77;2.034900;;
36500000;0;08.06.2018;78;2.047300;;
0;12500000;11.06.2018;81;2.071400;;
0;20800000;12.06.2018;82;2.071400;;
55000000;0;13.06.2018;83;2.088800;;
27000000;0;18.06.2018;88;2.177500;;
0;43700000;18.06.2018;88;2.177500;;
15000000;0;30.04.2018;39;1.766900;;
0;23000000;30.04.2018;39;1.760300;;
0;6200000;01.05.2018;40;1.773400;;
10400000;0;13.06.2018;83;2.088800;;
10000000;0;13.06.2018;83;2.088800;;
0;52250000;13.06.2018;83;2.088800;;
0;10500000;14.06.2018;84;2.106900;;
0;12600000;14.06.2018;84;2.106900;;
0;20900000;15.06.2018;85;2.124500;;
27700000;0;15.06.2018;85;2.124500;;
12000000;0;18.06.2018;88;2.145000;;
0;16600000;18.06.2018;88;2.145000;;
0;12000000;18.06.2018;88;2.145000;;
0;10000000;18.06.2018;88;2.177500;;
10000000;0;20.06.2018;90;2.201800;;
0;200000000;20.06.2018;90;2.201800;;
16700000;0;21.06.2018;91;2.222500;;
0;160500000;15.05.2018;54;1.838800;;
0;15000000;14.06.2018;84;2.106900;;
0;163000000;19.05.2018;58;1.340000;;
25500000;0;06.06.2018;76;1.383000;;
40000000;0;27.04.2018;36;1.468500;;
10900000;0;04.06.2018;74;2.024600;;
5400000;0;05.06.2018;75;2.024600;;
10300000;0;06.06.2018;76;2.025200;;
10300000;0;11.06.2018;81;2.071400;;
12800000;0;11.06.2018;81;2.071400;;
0;12800000;12.06.2018;82;2.071400;;
0;20600000;13.06.2018;83;2.088800;;
0;10400000;18.06.2018;88;2.145000;;
5500000;0;18.06.2018;88;2.177500;;
0;10300000;18.06.2018;88;2.177500;;
0;38200000;23.04.2018;32;1.744500;;
10300000;0;24.04.2018;33;1.741300;;
20000000;0;01.05.2018;40;1.773400;;
10300000;0;01.05.2018;40;1.773400;;
0;103500000;01.05.2018;40;1.773400;;
5100000;0;08.05.2018;47;1.787000;;
0;10300000;08.05.2018;47;1.787000;;
10300000;0;11.05.2018;50;1.810500;;
10300000;0;14.05.2018;53;1.810500;;
31000000;0;14.05.2018;53;1.833400;;
0;10300000;14.05.2018;53;1.833400;;
52000000;0;21.05.2018;60;1.892100;;
14400000;0;21.05.2018;60;1.892100;;
0;14400000;29.05.2018;68;1.984200;;
21900000;0;04.06.2018;74;2.024600;;
10300000;0;04.06.2018;74;2.024600;;
0;20700000;08.06.2018;78;2.047300;;
0;43500000;08.06.2018;78;2.047300;;
10300000;0;12.06.2018;82;2.071400;;
0;10400000;15.06.2018;85;2.124500;;
0;31000000;18.06.2018;88;2.177500;;
21900000;0;19.06.2018;89;2.177500;;
20700000;0;23.04.2018;32;1.744500;;
0;20700000;30.04.2018;39;1.760300;;
0;10300000;30.04.2018;39;1.760300;;
10300000;0;30.04.2018;39;1.772300;;
51600000;0;03.05.2018;42;1.787000;;
0;11000000;03.05.2018;42;1.787000;;
0;20600000;03.05.2018;42;1.787000;;
20600000;0;08.05.2018;47;1.789000;;
0;10300000;10.05.2018;49;1.810500;;
12800000;0;18.05.2018;57;1.884900;;
0;21000000;21.05.2018;60;1.884900;;
0;20700000;21.05.2018;60;1.892100;;
0;20600000;25.05.2018;64;1.943600;;
12300000;0;29.05.2018;68;1.956300;;
21900000;0;18.05.2018;57;1.884900;;
0;31000000;04.06.2018;74;2.017200;;
22000000;0;05.06.2018;75;2.024600;;
10300000;0;11.06.2018;81;2.071400;;
0;25600000;18.06.2018;88;2.177500;;
0;20500000;23.04.2018;32;1.744700;;
0;34500000;23.04.2018;32;1.744700;;
72000000;0;23.04.2018;32;1.744700;;
5400000;0;23.04.2018;32;1.744500;;
24600000;0;27.04.2018;36;1.760300;;
20500000;0;27.04.2018;36;1.760300;;
41200000;0;18.05.2018;57;1.884900;;
10900000;0;11.06.2018;81;2.057300;;
0;15000000;11.06.2018;81;2.071400;;
60700000;0;15.06.2018;85;2.124500;;
0;51500000;18.06.2018;88;2.177500;;
30900000;0;19.06.2018;89;2.177500;;
115000000;0;01.05.2018;40;1.773400;;
0;31000000;23.04.2018;32;1.744500;;
31000000;0;27.04.2018;36;1.760300;;
10300000;0;30.04.2018;39;1.766900;;
20600000;0;30.04.2018;39;1.772300;;
0;16500000;03.05.2018;42;1.787000;;
20700000;0;03.05.2018;42;1.787000;;
10900000;0;08.05.2018;47;1.793500;;
0;20700000;10.05.2018;49;1.810500;;
0;12400000;14.05.2018;53;1.820000;;
100000000;0;30.05.2018;69;1.984200;;
175000000;0;24.04.2018;33;1.741300;;
25000000;0;24.04.2018;33;1.741300;;
20400000;0;04.06.2018;74;2.024600;;
102400000;0;15.06.2018;85;2.124500;;
0;102300000;18.06.2018;88;2.177500;;
106000000;0;21.06.2018;91;2.222500;;
0;10200000;23.04.2018;32;1.744700;;
0;30700000;27.04.2018;36;1.760300;;
10200000;0;27.04.2018;36;1.760300;;
50000000;0;30.04.2018;39;1.760300;;
102300000;0;30.04.2018;39;1.760300;;
12700000;0;21.05.2018;60;1.884900;;
0;10200000;25.05.2018;64;1.943600;;
0;10300000;29.05.2018;68;1.956300;;
0;20500000;31.05.2018;70;1.984200;;
0;50000000;07.06.2018;77;2.034900;;
0;102200000;08.06.2018;78;2.047300;;
52800000;0;08.06.2018;78;2.047300;;
0;115000000;11.06.2018;81;1.722500;;
0;30800000;21.06.2018;91;2.222500;;
0;47000000;31.05.2018;70;1.984200;;
0;20500000;23.04.2018;32;1.744500;;
0;100000000;27.04.2018;36;1.760300;;
0;53600000;30.04.2018;39;1.766900;;
30900000;0;08.05.2018;47;1.789000;;
0;79000000;30.04.2018;39;1.772300;;
54300000;0;07.06.2018;77;2.034900;;
54400000;0;08.06.2018;78;2.047300;;
54200000;0;14.06.2018;84;2.106900;;
54100000;0;18.06.2018;88;2.145000;;
0;124000000;31.05.2018;70;1.984200;;
21400000;0;23.04.2018;32;1.744700;;
0;5000000;23.04.2018;32;1.744700;;
0;53500000;27.04.2018;36;1.760300;;
78000000;0;30.05.2018;69;1.984200;;
106900000;0;01.05.2018;40;1.773400;;
35000000;0;23.04.2018;32;1.744700;;
0;10200000;01.05.2018;40;1.773400;;
0;8600000;04.05.2018;43;1.787000;;
65000000;0;08.05.2018;47;1.789000;;
10200000;0;09.05.2018;48;1.799900;;
0;10200000;09.05.2018;48;1.799900;;
0;25600000;10.05.2018;49;1.810500;;
33000000;0;11.05.2018;50;1.810500;;
0;52700000;14.05.2018;53;1.810500;;
0;25500000;16.05.2018;55;1.850000;;
10000000;0;18.05.2018;57;1.884900;;
52900000;0;21.05.2018;60;1.884900;;
0;52700000;23.05.2018;62;1.919800;;
0;77000000;30.05.2018;69;1.984200;;
0;15800000;01.06.2018;71;2.006300;;
15800000;0;04.06.2018;74;2.024600;;
10000000;0;24.04.2018;33;1.741300;;
2100000;0;24.04.2018;33;1.741300;;
9000000;0;26.04.2018;35;1.752500;;
0;104900000;27.04.2018;36;1.760300;;
10400000;0;25.04.2018;34;1.745200;;
109500000;0;26.04.2018;35;1.752500;;
10400000;0;26.04.2018;35;1.752500;;
0;10400000;26.04.2018;35;1.752500;;
0;10400000;26.04.2018;35;1.752500;;
208400000;0;27.04.2018;36;1.760300;;
16700000;0;27.04.2018;36;1.760300;;
10400000;0;27.04.2018;36;1.760300;;
31300000;0;27.04.2018;36;1.760300;;
0;31300000;30.04.2018;39;1.760300;;
0;5000000;02.05.2018;41;1.777800;;
0;10400000;02.05.2018;41;1.777800;;
0;1000;04.05.2018;43;1.787000;;
0;10400000;04.05.2018;43;1.787000;;
0;41700000;04.05.2018;43;1.787000;;
31000000;0;08.05.2018;47;1.790700;;
10400000;0;08.05.2018;47;1.790700;;
21000000;0;09.05.2018;48;1.799900;;
10000000;0;09.05.2018;48;1.799900;;
0;41800000;14.05.2018;53;1.810500;;
0;18800000;14.05.2018;53;1.810500;;
10500000;0;15.05.2018;54;1.838800;;
0;10600000;15.05.2018;54;1.838800;;
0;5000000;16.05.2018;55;1.850000;;
15000000;0;16.05.2018;55;1.850000;;
25000000;0;25.04.2018;34;1.745200;;
0;125450000;15.05.2018;54;3.600000;;
0;427.07;27.04.2018;36;3;;
0;68303.99;27.04.2018;36;3;;
0;20600000;21.05.2018;60;1.884900;;
18500000;0;21.05.2018;60;1.884900;;
0;14400000;29.05.2018;68;1.943600;;
14300000;0;29.05.2018;68;1.943600;;
0;18500000;29.05.2018;68;1.956300;;
10300000;0;29.05.2018;68;1.984200;;
0;10300000;29.05.2018;68;1.984200;;
12300000;0;04.06.2018;74;2.017200;;
10300000;0;04.06.2018;74;2.017200;;
0;16500000;04.06.2018;74;2.017200;;
0;5400000;04.06.2018;74;2.024600;;
20600000;0;11.06.2018;81;2.071400;;
0;17800000;18.06.2018;88;2.145000;;
12300000;0;23.04.2018;32;1.744700;;
16400000;0;30.04.2018;39;1.766900;;
16400000;0;02.05.2018;41;1.777800;;
14400000;0;02.05.2018;41;1.777800;;
10300000;0;03.05.2018;42;1.787000;;
0;20500000;09.05.2018;48;1.799900;;
20600000;0;14.05.2018;53;1.810500;;
0;5500000;16.05.2018;55;1.850000;;
87000000;0;16.05.2018;55;1.850000;;
0;21000000;17.05.2018;56;1.884900;;
0;17400000;17.05.2018;56;1.884900;;
0;10300000;04.06.2018;74;2.017200;;
10300000;0;04.06.2018;74;2.024600;;
10300000;0;07.06.2018;77;2.034900;;
10300000;0;07.06.2018;77;2.034900;;
12400000;0;07.06.2018;77;2.034900;;
0;16500000;11.06.2018;81;2.071400;;
0;11000000;25.05.2018;64;1.943600;;
50000000;0;29.05.2018;68;1.943600;;
0;20800000;30.05.2018;69;1.984200;;
0;10400000;31.05.2018;70;1.984200;;
0;11000000;04.06.2018;74;2.017200;;
0;25000000;04.06.2018;74;2.017200;;
0;100000000;04.06.2018;74;2.017200;;
0;100000000;05.06.2018;75;2.024600;;
0;10000000;05.06.2018;75;2.024600;;
20800000;0;12.06.2018;82;2.071400;;
8000000;0;13.06.2018;83;2.088800;;
0;41600000;18.06.2018;88;2.145000;;
4500000;0;19.06.2018;89;2.177500;;
11000000;0;19.06.2018;89;2.177500;;
0;11000000;20.06.2018;90;2.201800;;
0;51500000;11.06.2018;81;2.071400;;
86500000;0;18.06.2018;88;2.177500;;
30800000;0;30.04.2018;39;1.766900;;
0;20600000;09.05.2018;48;1.799900;;
27300000;0;14.05.2018;53;1.810500;;
0;30900000;14.05.2018;53;1.810500;;
22500000;0;18.05.2018;57;1.884900;;
0;20600000;01.06.2018;71;2.006300;;
54400000;0;08.06.2018;78;2.047300;;
206200000;0;11.06.2018;81;2.057300;;
0;30900000;11.06.2018;81;2.071400;;
0;103000000;18.06.2018;88;2.145000;;
24600000;0;23.04.2018;32;1.744700;;
20500000;0;26.04.2018;35;1.752500;;
0;20500000;27.04.2018;36;1.760300;;
0;20500000;27.04.2018;36;1.760300;;
20500000;0;30.04.2018;39;1.760300;;
0;204900000;01.05.2018;40;1.773400;;
25000000;0;27.04.2018;36;1.760300;;
0;33700000;08.05.2018;47;1.787000;;
11000000;0;08.05.2018;47;1.787000;;
0;102100000;08.05.2018;47;1.790700;;
0;85700000;08.05.2018;47;1.790700;;
116000000;0;30.05.2018;69;1.984200;;
0;52700000;11.05.2018;50;1.810500;;
0;33000000;11.05.2018;50;1.810500;;
0;26000000;11.05.2018;50;1.810500;;
31100000;0;13.06.2018;83;2.088800;;
12400000;0;14.06.2018;84;2.106900;;
0;18000000;14.06.2018;84;2.106900;;
109400000;0;14.06.2018;84;2.106900;;
31200000;0;18.06.2018;88;2.145000;;
0;10400000;19.06.2018;89;2.177500;;
20800000;0;23.04.2018;32;1.744700;;
0;20800000;23.04.2018;32;1.744700;;
0;20800000;24.04.2018;33;1.741300;;
0;20800000;27.04.2018;36;1.760300;;
6300000;0;30.04.2018;39;1.760300;;
20900000;0;30.04.2018;39;1.772300;;
0;142900000;30.04.2018;39;1.772300;;
50400000;0;01.05.2018;40;1.773400;;
0;10400000;01.05.2018;40;1.773400;;
0;25000000;30.04.2018;39;1.760300;;
50800000;0;01.05.2018;40;1.773400;;
0;2100000;01.05.2018;40;1.773400;;
10400000;0;02.05.2018;41;1.777800;;
0;20800000;02.05.2018;41;1.777800;;
0;20900000;03.05.2018;42;1.787000;;
30600000;0;23.04.2018;32;1.744700;;
0;52700000;23.04.2018;32;1.744700;;
0;12300000;26.04.2018;35;1.752500;;
0;8200000;30.04.2018;39;1.760300;;
50000000;0;06.05.2018;45;0.905000;;
22800000;0;16.05.2018;55;1.850000;;
10200000;0;21.05.2018;60;1.884900;;
0;10300000;29.05.2018;68;1.956300;;
0;20500000;04.06.2018;74;2.017200;;
0;14300000;07.06.2018;77;2.034900;;
12300000;0;08.06.2018;78;2.047300;;
34000000;0;11.06.2018;81;2.057300;;
50000000;0;03.05.2018;42;1.787000;;
10400000;0;04.06.2018;74;2.024600;;
0;20800000;06.06.2018;76;2.025200;;
10400000;0;06.06.2018;76;2.025200;;
0;20900000;07.06.2018;77;2.034900;;
30000000;0;07.06.2018;77;2.034900;;
10000000;0;11.06.2018;81;2.057300;;
10000000;0;11.06.2018;81;2.057300;;
0;104600000;11.06.2018;81;2.071400;;
10400000;0;11.06.2018;81;2.071400;;
3500000;0;13.06.2018;83;2.088800;;
0;46500000;13.06.2018;83;2.088800;;
29300000;0;13.06.2018;83;2.088800;;
0;121500000;13.06.2018;83;2.088800;;
0;47300000;13.06.2018;83;2.088800;;
