Кредит (актив),Вклад (пассив),Дата погашения,"Срок погашения, дней","Ставка, %",[ОТВЕТ] Номер группы,Пример группировки (для первых 20 сделок)
50000000.0,0.0,2018-06-07,77,0.934,1.0,5.0
0.0,50000000.0,2018-04-28,37,0.9745,2.0,4.0
121700000.0,0.0,2018-04-27,36,1.7603,6.0,2.0
111000000.0,0.0,2018-04-27,36,1.7603,6.0,2.0
0.0,55600000.0,2018-04-30,39,1.7669,6.0,2.0
550000000.0,0.0,2018-05-07,46,1.7935,1.0,2.0
0.0,24500000.0,2018-05-09,48,1.7999,8.0,2.0
0.0,22000000.0,2018-05-09,48,1.7999,8.0,2.0
0.0,10000000.0,2018-05-10,49,1.8105,8.0,2.0
11100000.0,0.0,2018-05-16,55,1.85,7.0,2.0
0.0,1100000.0,2018-05-17,56,1.8725,8.0,2.0
8000000.0,0.0,2018-05-17,56,1.8849,8.0,2.0
0.0,33000000.0,2018-06-04,74,2.0246,10.0,1.0
0.0,11300000.0,2018-06-05,75,2.0246,10.0,1.0
100000000.0,0.0,2018-06-11,81,2.0714,12.0,1.0
0.0,5000000.0,2018-06-11,81,2.0714,12.0,1.0
0.0,5000000.0,2018-06-11,81,2.0714,12.0,1.0
6100000.0,0.0,2018-06-14,84,2.1069,13.0,1.0
0.0,8200000.0,2018-06-14,84,2.1069,13.0,1.0
14400000.0,0.0,2018-06-18,88,2.1775,14.0,3.0
50000000.0,0.0,2018-05-21,60,1.8849,8.0,
0.0,52000000.0,2018-05-21,60,1.8921,8.0,
20000000.0,0.0,2018-05-24,63,1.9436,9.0,
50600000.0,0.0,2018-05-24,63,1.9436,9.0,
11000000.0,0.0,2018-05-24,63,1.9436,9.0,
0.0,25000000.0,2018-05-24,63,1.9436,9.0,
0.0,11000000.0,2018-05-24,63,1.9436,9.0,
25000000.0,0.0,2018-05-24,63,1.9436,10.0,
0.0,41800000.0,2018-06-01,71,2.0063,10.0,
18900000.0,0.0,2018-06-04,74,2.0246,10.0,
0.0,5900000.0,2018-06-04,74,2.0246,10.0,
14700000.0,0.0,2018-06-06,76,2.0252,10.0,
0.0,55400000.0,2018-06-06,76,2.0252,10.0,
60900000.0,0.0,2018-06-06,76,2.0252,10.0,
0.0,67800000.0,2018-06-07,77,2.0349,10.0,
0.0,127500000.0,2018-06-18,88,2.1775,14.0,
0.0,16000000.0,2018-05-31,70,1.9842,9.0,
102300000.0,0.0,2018-04-30,39,1.7669,6.0,
20500000.0,0.0,2018-05-04,43,1.787,8.0,
26000000.0,0.0,2018-05-10,49,1.8105,8.0,
80000000.0,0.0,2018-04-30,39,1.7723,8.0,
0.0,20600000.0,2018-05-14,53,1.8105,7.0,
0.0,76000000.0,2018-05-18,57,1.8849,8.0,
20600000.0,0.0,2018-06-04,74,2.0246,10.0,
0.0,103200000.0,2018-06-07,77,2.0349,10.0,
0.0,103300000.0,2018-06-08,78,2.0473,11.0,
0.0,54100000.0,2018-06-11,81,2.0714,12.0,
0.0,103100000.0,2018-06-14,84,2.1069,13.0,
50000000.0,0.0,2018-06-18,88,2.145,14.0,
0.0,54200000.0,2018-06-21,91,2.2225,15.0,
0.0,41000000.0,2018-04-23,32,1.7447,6.0,
0.0,14400000.0,2018-04-23,32,1.7447,6.0,
102500000.0,0.0,2018-04-27,36,1.7603,6.0,
0.0,20500000.0,2018-04-30,39,1.7603,6.0,
0.0,14300000.0,2018-05-01,40,1.7734,8.0,
0.0,8600000.0,2018-05-04,43,1.787,8.0,
0.0,78000000.0,2018-05-30,69,1.9842,9.0,
53100000.0,0.0,2018-05-08,47,1.7907,8.0,
10200000.0,0.0,2018-05-09,48,1.7999,8.0,
0.0,79300000.0,2018-05-10,49,1.8105,8.0,
101700000.0,0.0,2018-05-11,50,1.8105,8.0,
33000000.0,0.0,2018-05-11,50,1.8105,8.0,
77000000.0,0.0,2018-05-30,69,1.9842,9.0,
25500000.0,0.0,2018-05-16,55,1.85,7.0,
10500000.0,0.0,2018-05-16,55,1.85,7.0,
20000000.0,0.0,2018-05-18,57,1.8849,8.0,
0.0,20500000.0,2018-05-29,68,1.9436,9.0,
0.0,20400000.0,2018-05-29,68,1.9436,9.0,
0.0,8500000.0,2018-05-29,68,1.9842,9.0,
25000000.0,0.0,2018-04-24,33,1.7413,6.0,
0.0,25000000.0,2018-04-24,33,1.7413,6.0,
20400000.0,0.0,2018-04-25,34,1.7452,6.0,
14300000.0,0.0,2018-04-25,34,1.7452,6.0,
0.0,20500000.0,2018-04-27,36,1.7603,6.0,
20500000.0,0.0,2018-04-30,39,1.7723,8.0,
10600000.0,0.0,2018-04-30,39,1.7723,8.0,
0.0,20500000.0,2018-04-30,39,1.7723,8.0,
10600000.0,0.0,2018-04-30,39,1.7723,8.0,
23400000.0,0.0,2018-05-01,40,1.7734,8.0,
35100000.0,0.0,2018-05-01,40,1.7734,8.0,
0.0,50800000.0,2018-05-01,40,1.7734,8.0,
0.0,53000000.0,2018-05-01,40,1.7734,8.0,
0.0,20500000.0,2018-05-01,40,1.7734,8.0,
0.0,4200000.0,2018-05-02,41,1.7778,8.0,
0.0,10200000.0,2018-05-02,41,1.7778,8.0,
6600000.0,0.0,2018-05-04,43,1.787,8.0,
0.0,12300000.0,2018-05-08,47,1.7935,8.0,
10200000.0,0.0,2018-05-09,48,1.7999,8.0,
157000000.0,0.0,2018-05-15,54,1.8388,7.0,
158000000.0,0.0,2018-05-15,54,1.8388,7.0,
0.0,15000000.0,2018-05-10,49,1.8105,8.0,
5000000.0,0.0,2018-05-14,53,1.82,7.0,
10000000.0,0.0,2018-05-14,53,1.82,7.0,
1000000.0,0.0,2018-05-14,53,1.82,7.0,
10000000.0,0.0,2018-05-14,53,1.82,7.0,
10000000.0,0.0,2018-05-14,53,1.8334,7.0,
20000000.0,0.0,2018-05-15,54,1.8388,7.0,
0.0,1000000.0,2018-05-16,55,1.85,7.0,
10000000.0,0.0,2018-05-16,55,1.85,7.0,
10000000.0,0.0,2018-05-17,56,1.8849,8.0,
0.0,10000000.0,2018-05-17,56,1.8849,8.0,
0.0,10000000.0,2018-05-17,56,1.8849,8.0,
0.0,10000000.0,2018-05-21,60,1.8921,8.0,
0.0,50000000.0,2018-05-21,60,1.8921,8.0,
0.0,20800000.0,2018-05-21,60,1.8921,8.0,
0.0,10000000.0,2018-05-21,60,1.8921,8.0,
10000000.0,0.0,2018-05-23,62,1.9198,8.0,
0.0,10000000.0,2018-05-23,62,1.9198,8.0,
25000000.0,0.0,2018-05-23,62,1.9198,8.0,
0.0,1000.0,2018-05-24,63,1.9436,9.0,
0.0,20800000.0,2018-05-24,63,1.9436,9.0,
20800000.0,0.0,2018-05-24,63,1.9436,9.0,
0.0,20700000.0,2018-05-29,68,1.9842,9.0,
12500000.0,0.0,2018-06-01,71,2.0063,10.0,
0.0,16600000.0,2018-06-04,74,2.0172,10.0,
0.0,50000000.0,2018-05-17,56,1.8849,8.0,
20800000.0,0.0,2018-06-04,74,2.0246,10.0,
0.0,21870000.0,2018-06-04,74,2.0246,10.0,
10000000.0,0.0,2018-06-04,74,2.0246,10.0,
10400000.0,0.0,2018-06-04,74,2.0246,10.0,
20900000.0,0.0,2018-06-06,76,2.0252,10.0,
10000000.0,0.0,2018-06-07,77,2.0349,10.0,
0.0,10000000.0,2018-06-08,78,2.0473,11.0,
0.0,50000000.0,2018-06-11,81,2.0573,12.0,
10400000.0,0.0,2018-06-11,81,2.0714,12.0,
0.0,50000000.0,2018-06-11,81,2.0714,12.0,
46300000.0,0.0,2018-05-03,42,1.787,8.0,
50900000.0,0.0,2018-05-03,42,1.787,8.0,
0.0,5200000.0,2018-05-03,42,1.787,8.0,
20800000.0,0.0,2018-05-11,50,1.8105,8.0,
50800000.0,0.0,2018-05-14,53,1.8334,7.0,
0.0,10000000.0,2018-05-14,53,1.8334,7.0,
10900000.0,0.0,2018-05-15,54,1.8388,7.0,
0.0,10000000.0,2018-05-15,54,1.8388,7.0,
0.0,6200000.0,2018-05-15,54,1.8388,7.0,
8300000.0,0.0,2018-05-17,56,1.8849,8.0,
10900000.0,0.0,2018-05-17,56,1.8849,8.0,
0.0,28600000.0,2018-05-17,56,1.8849,8.0,
3100000.0,0.0,2018-05-17,56,1.8849,8.0,
0.0,5500000.0,2018-05-17,56,1.8849,8.0,
0.0,31300000.0,2018-05-18,57,1.8849,8.0,
0.0,50000000.0,2018-05-21,60,1.8921,8.0,
0.0,31200000.0,2018-05-22,61,1.9039,8.0,
0.0,5000000.0,2018-05-16,55,1.85,7.0,
0.0,120000000.0,2018-05-15,54,1.8388,7.0,
0.0,5000000.0,2018-05-25,64,1.9436,9.0,
5000000.0,0.0,2018-05-30,69,1.9842,9.0,
0.0,21800000.0,2018-05-30,69,1.9842,9.0,
21000000.0,0.0,2018-06-04,74,2.0172,10.0,
0.0,34100000.0,2018-06-01,71,2.0063,10.0,
1000000.0,0.0,2018-06-01,71,2.0063,10.0,
60300000.0,0.0,2018-06-07,77,2.0349,10.0,
27000000.0,0.0,2018-06-14,84,2.1069,13.0,
40000000.0,0.0,2018-05-15,54,1.8388,7.0,
0.0,185600000.0,2018-06-18,88,2.1775,14.0,
10000000.0,0.0,2018-06-18,88,2.1775,14.0,
0.0,27000000.0,2018-06-18,88,2.1775,14.0,
15100000.0,0.0,2018-06-21,91,2.2225,15.0,
10000000.0,0.0,2018-04-24,33,1.7413,6.0,
2100000.0,0.0,2018-04-24,33,1.7413,6.0,
0.0,30000000.0,2018-04-25,34,1.7452,6.0,
0.0,10000000.0,2018-04-25,34,1.7452,6.0,
20800000.0,0.0,2018-04-23,32,1.7447,6.0,
0.0,40400000.0,2018-05-15,54,1.8388,7.0,
0.0,11000000.0,2018-05-30,69,1.9842,9.0,
18000000.0,0.0,2018-06-01,71,2.0063,10.0,
10000000.0,0.0,2018-06-01,71,2.0063,10.0,
50000000.0,0.0,2018-06-04,74,2.0246,10.0,
60900000.0,0.0,2018-06-06,76,2.0252,10.0,
24400000.0,0.0,2018-06-07,77,2.0349,10.0,
0.0,54200000.0,2018-06-07,77,2.0349,10.0,
42000000.0,0.0,2018-06-07,77,2.0349,10.0,
0.0,11100000.0,2018-06-08,78,2.0473,11.0,
11000000.0,0.0,2018-06-11,81,2.0714,12.0,
11000000.0,0.0,2018-06-11,81,2.0714,12.0,
0.0,1000000.0,2018-06-15,85,2.1245,13.0,
0.0,10000000.0,2018-06-15,85,2.1245,13.0,
21100000.0,0.0,2018-06-18,88,2.1775,14.0,
18000000.0,0.0,2018-06-18,88,2.1775,14.0,
0.0,100000000.0,2018-06-19,89,2.1775,14.0,
10000000.0,0.0,2018-06-21,91,2.2225,15.0,
10000000.0,0.0,2018-06-21,91,2.2225,15.0,
81500000.0,0.0,2018-05-15,54,1.9604,9.0,
11200000.0,0.0,2018-04-24,33,1.7413,6.0,
0.0,106000000.0,2018-04-24,33,1.7413,6.0,
0.0,11200000.0,2018-04-26,35,1.7525,6.0,
0.0,16800000.0,2018-04-30,39,1.7603,6.0,
18500000.0,0.0,2018-04-30,39,1.7603,6.0,
61600000.0,0.0,2018-04-30,39,1.7603,6.0,
0.0,50000000.0,2018-04-30,39,1.7669,6.0,
62100000.0,0.0,2018-04-30,39,1.7723,8.0,
0.0,50000000.0,2018-04-30,39,1.7723,8.0,
0.0,41250000.0,2018-06-04,74,2.0172,10.0,
0.0,41200000.0,2018-04-30,39,1.7723,8.0,
0.0,30000000.0,2018-06-04,74,2.0172,10.0,
56300000.0,0.0,2018-05-01,40,1.7734,8.0,
0.0,38400000.0,2018-05-01,40,1.7734,8.0,
0.0,108600000.0,2018-05-02,41,1.7778,8.0,
82000000.0,0.0,2018-05-15,54,1.9604,9.0,
0.0,106200000.0,2018-05-08,47,1.789,8.0,
31100000.0,0.0,2018-05-08,47,1.789,8.0,
21200000.0,0.0,2018-05-08,47,1.789,8.0,
21300000.0,0.0,2018-05-08,47,1.789,8.0,
56700000.0,0.0,2018-05-08,47,1.7935,8.0,
15500000.0,0.0,2018-05-08,47,1.7935,8.0,
0.0,56200000.0,2018-05-08,47,1.7907,8.0,
0.0,11300000.0,2018-05-15,54,1.8388,7.0,
28200000.0,0.0,2018-05-15,54,1.8388,7.0,
0.0,28200000.0,2018-05-16,55,1.85,7.0,
0.0,28300000.0,2018-05-16,55,1.85,7.0,
52400000.0,0.0,2018-05-21,60,1.8849,8.0,
0.0,53100000.0,2018-05-29,68,1.9436,9.0,
21300000.0,0.0,2018-05-29,68,1.9436,9.0,
21300000.0,0.0,2018-06-01,71,2.0063,10.0,
0.0,123000000.0,2018-05-15,54,1.9604,9.0,
0.0,250000000.0,2018-06-04,74,2.0172,10.0,
21300000.0,0.0,2018-06-08,78,2.0473,11.0,
11300000.0,0.0,2018-06-08,78,2.0473,11.0,
21300000.0,0.0,2018-06-20,90,2.2018,15.0,
37000000.0,0.0,2018-05-17,56,1.8849,8.0,
0.0,10000000.0,2018-05-08,47,1.787,8.0,
21000000.0,0.0,2018-04-30,39,1.7723,8.0,
43000000.0,0.0,2018-05-08,47,1.787,8.0,
0.0,20000000.0,2018-06-11,81,2.0573,12.0,
17750000.0,0.0,2018-06-11,81,2.0714,12.0,
0.0,11000000.0,2018-06-13,83,2.0888,12.0,
0.0,6000000.0,2018-06-18,88,2.145,14.0,
0.0,25000000.0,2018-05-08,47,1.7907,8.0,
41000000.0,0.0,2018-05-14,53,1.8105,7.0,
0.0,17000000.0,2018-05-21,60,1.8849,8.0,
0.0,11000000.0,2018-05-29,68,1.9563,9.0,
0.0,20000000.0,2018-05-29,68,1.9842,9.0,
0.0,22000000.0,2018-06-20,90,2.2018,15.0,
20000000.0,0.0,2018-04-30,39,1.7669,6.0,
28000000.0,0.0,2018-04-30,39,1.7723,8.0,
51100000.0,0.0,2018-04-30,39,1.7723,8.0,
22000000.0,0.0,2018-05-04,43,1.787,8.0,
0.0,10000000.0,2018-05-07,46,1.787,8.0,
0.0,20000000.0,2018-05-10,49,1.8105,8.0,
0.0,10000000.0,2018-05-10,49,1.8105,8.0,
0.0,10000000.0,2018-05-18,57,1.8849,8.0,
0.0,10000000.0,2018-05-24,63,1.9436,9.0,
50000000.0,0.0,2018-05-24,63,1.9436,9.0,
14500000.0,0.0,2018-06-07,77,2.0349,10.0,
0.0,50000000.0,2018-06-12,82,2.0714,12.0,
0.0,20000000.0,2018-06-13,83,2.0888,12.0,
0.0,20000000.0,2018-06-21,91,2.2225,15.0,
0.0,11100000.0,2018-04-24,33,1.7413,6.0,
35000000.0,0.0,2018-04-27,36,1.7669,6.0,
16000000.0,0.0,2018-05-02,41,1.7778,8.0,
0.0,20500000.0,2018-05-21,60,1.8849,8.0,
0.0,20000000.0,2018-06-04,74,2.0172,10.0,
31100000.0,0.0,2018-06-11,81,2.0714,12.0,
50000000.0,0.0,2018-06-18,88,2.145,14.0,
0.0,45300000.0,2018-04-23,32,1.7447,6.0,
8700000.0,0.0,2018-04-24,33,1.7413,6.0,
75000000.0,0.0,2018-05-08,47,1.787,8.0,
50000000.0,0.0,2018-05-08,47,1.787,8.0,
0.0,12800000.0,2018-05-08,47,1.787,8.0,
1100000.0,0.0,2018-05-08,47,1.789,8.0,
34800000.0,0.0,2018-06-04,74,2.0172,10.0,
21900000.0,0.0,2018-06-08,78,2.0473,11.0,
3900000.0,0.0,2018-06-11,81,2.0714,12.0,
0.0,17500000.0,2018-06-18,88,2.145,14.0,
0.0,80000000.0,2018-05-03,42,1.787,8.0,
123000000.0,0.0,2018-04-30,39,1.7723,8.0,
0.0,10900000.0,2018-04-23,32,1.7447,6.0,
0.0,60500000.0,2018-04-23,32,1.7447,6.0,
10900000.0,0.0,2018-04-23,32,1.7445,6.0,
0.0,26000000.0,2018-04-23,32,1.7445,6.0,
0.0,5400000.0,2018-04-27,36,1.7603,6.0,
59000000.0,0.0,2018-05-29,68,1.9842,9.0,
20600000.0,0.0,2018-05-18,57,1.8849,8.0,
0.0,41200000.0,2018-05-21,60,1.8849,8.0,
16400000.0,0.0,2018-06-04,74,2.0246,10.0,
28100000.0,0.0,2018-06-11,81,2.0714,12.0,
32800000.0,0.0,2018-06-12,82,2.0714,12.0,
100000000.0,0.0,2018-06-15,85,2.1245,13.0,
10900000.0,0.0,2018-06-19,89,2.1775,14.0,
10900000.0,0.0,2018-06-19,89,2.1775,14.0,
0.0,5400000.0,2018-05-03,42,1.787,8.0,
10300000.0,0.0,2018-04-30,39,1.7723,8.0,
31000000.0,0.0,2018-05-03,42,1.787,8.0,
10900000.0,0.0,2018-05-03,42,1.787,8.0,
0.0,20600000.0,2018-05-08,47,1.787,8.0,
10900000.0,0.0,2018-05-08,47,1.7935,8.0,
0.0,20500000.0,2018-05-10,49,1.8105,8.0,
0.0,20700000.0,2018-05-21,60,1.8849,8.0,
18600000.0,0.0,2018-05-21,60,1.8921,8.0,
0.0,20600000.0,2018-05-24,63,1.9436,9.0,
0.0,20600000.0,2018-05-29,68,1.9436,9.0,
14400000.0,0.0,2018-05-29,68,1.9436,9.0,
10300000.0,0.0,2018-05-29,68,1.9842,9.0,
0.0,10300000.0,2018-05-29,68,1.9842,9.0,
10300000.0,0.0,2018-06-01,71,2.0063,10.0,
0.0,20600000.0,2018-06-04,74,2.0172,10.0,
0.0,10300000.0,2018-06-04,74,2.0172,10.0,
10300000.0,0.0,2018-06-04,74,2.0246,10.0,
21200000.0,0.0,2018-05-08,47,1.787,8.0,
22600000.0,0.0,2018-05-08,47,1.789,8.0,
53000000.0,0.0,2018-05-08,47,1.7907,8.0,
0.0,81800000.0,2018-05-15,54,1.9604,9.0,
0.0,5600000.0,2018-05-08,47,1.7907,8.0,
105800000.0,0.0,2018-05-08,47,1.7907,8.0,
0.0,56100000.0,2018-05-08,47,1.7907,8.0,
22600000.0,0.0,2018-05-14,53,1.8105,7.0,
21200000.0,0.0,2018-05-14,53,1.82,7.0,
0.0,10600000.0,2018-05-14,53,1.82,7.0,
0.0,21200000.0,2018-05-15,54,1.8388,7.0,
0.0,53100000.0,2018-05-15,54,1.8388,7.0,
0.0,28200000.0,2018-05-16,55,1.85,7.0,
0.0,52000000.0,2018-06-07,77,2.0349,10.0,
0.0,11000000.0,2018-06-11,81,2.0714,12.0,
0.0,11000000.0,2018-06-12,82,2.0714,12.0,
158000000.0,0.0,2018-06-14,84,2.1069,14.0,
0.0,42100000.0,2018-06-15,85,2.1245,13.0,
11000000.0,0.0,2018-06-15,85,2.1245,13.0,
0.0,21100000.0,2018-06-18,88,2.1775,14.0,
0.0,18000000.0,2018-06-18,88,2.1775,14.0,
50000000.0,0.0,2018-06-19,89,2.1775,14.0,
15000000.0,0.0,2018-06-21,91,2.2225,15.0,
5600000.0,0.0,2018-04-23,32,1.7445,6.0,
0.0,11200000.0,2018-04-23,32,1.7445,6.0,
56200000.0,0.0,2018-04-24,33,1.7413,6.0,
0.0,31800000.0,2018-04-24,33,1.7413,6.0,
11200000.0,0.0,2018-04-25,34,1.7452,6.0,
46400000.0,0.0,2018-04-30,39,1.7603,6.0,
0.0,14400000.0,2018-04-30,39,1.7603,6.0,
0.0,68500000.0,2018-04-30,39,1.7603,6.0,
61600000.0,0.0,2018-04-30,39,1.7603,6.0,
20700000.0,0.0,2018-04-30,39,1.7603,6.0,
48700000.0,0.0,2018-04-30,39,1.7669,6.0,
12700000.0,0.0,2018-04-30,39,1.7723,8.0,
37100000.0,0.0,2018-04-30,39,1.7723,8.0,
0.0,155100000.0,2018-05-01,40,1.7734,8.0,
34600000.0,0.0,2018-05-01,40,1.7734,8.0,
56500000.0,0.0,2018-05-08,47,1.789,8.0,
45200000.0,0.0,2018-05-08,47,1.789,8.0,
0.0,106402630.0,2018-05-08,47,1.7935,8.0,
0.0,28100000.0,2018-05-08,47,1.7907,8.0,
51700000.0,0.0,2018-05-08,47,1.7907,8.0,
5600000.0,0.0,2018-05-08,47,1.7907,8.0,
0.0,20800000.0,2018-04-25,34,1.7452,6.0,
20000000.0,0.0,2018-04-26,35,1.7525,6.0,
51900000.0,0.0,2018-04-26,35,1.7525,6.0,
0.0,20100000.0,2018-04-27,36,1.7603,6.0,
27400000.0,0.0,2018-04-27,36,1.7603,6.0,
27500000.0,0.0,2018-04-27,36,1.7603,6.0,
18900000.0,0.0,2018-04-30,39,1.7669,6.0,
0.0,10000000.0,2018-04-30,39,1.7669,6.0,
0.0,4000000.0,2018-04-30,39,1.7669,6.0,
0.0,1000000.0,2018-04-30,39,1.7669,6.0,
0.0,12000000.0,2018-04-30,39,1.7723,8.0,
6000000.0,0.0,2018-05-01,40,1.7734,8.0,
35000000.0,0.0,2018-05-22,61,1.9039,8.0,
54000000.0,0.0,2018-06-05,75,2.0246,10.0,
0.0,16000000.0,2018-06-05,75,2.0246,10.0,
0.0,25500000.0,2018-06-06,76,2.0252,10.0,
41000000.0,0.0,2018-06-11,81,2.0714,12.0,
102000000.0,0.0,2018-06-18,88,2.1775,14.0,
30900000.0,0.0,2018-04-23,32,1.7447,6.0,
12700000.0,0.0,2018-04-24,33,1.7413,6.0,
29800000.0,0.0,2018-05-04,43,1.787,8.0,
0.0,12800000.0,2018-05-08,47,1.787,8.0,
33000000.0,0.0,2018-05-08,47,1.7907,8.0,
102800000.0,0.0,2018-05-21,60,1.8849,8.0,
31000000.0,0.0,2018-06-04,74,2.0172,10.0,
10300000.0,0.0,2018-04-23,32,1.7447,6.0,
20500000.0,0.0,2018-04-23,32,1.7447,6.0,
41000000.0,0.0,2018-04-23,32,1.7447,6.0,
30800000.0,0.0,2018-04-23,32,1.7445,6.0,
0.0,40000000.0,2018-04-27,36,1.5622,5.0,
0.0,22000000.0,2018-05-18,57,1.8849,8.0,
0.0,24700000.0,2018-05-29,68,1.9842,9.0,
0.0,61900000.0,2018-06-12,82,2.0714,12.0,
10900000.0,0.0,2018-06-15,85,2.1245,13.0,
43400000.0,0.0,2018-06-18,88,2.1775,14.0,
0.0,30800000.0,2018-04-26,35,1.7525,6.0,
0.0,10800000.0,2018-04-30,39,1.7603,6.0,
0.0,12700000.0,2018-05-03,42,1.787,8.0,
10200000.0,0.0,2018-05-08,47,1.787,8.0,
10200000.0,0.0,2018-05-08,47,1.787,8.0,
10300000.0,0.0,2018-05-08,47,1.789,8.0,
10200000.0,0.0,2018-05-09,48,1.7999,8.0,
10300000.0,0.0,2018-05-11,50,1.8105,8.0,
10300000.0,0.0,2018-05-14,53,1.82,7.0,
0.0,20600000.0,2018-05-21,60,1.8849,8.0,
0.0,27500000.0,2018-05-21,60,1.8849,8.0,
10300000.0,0.0,2018-05-23,62,1.9198,8.0,
20600000.0,0.0,2018-06-04,74,2.0172,10.0,
19100000.0,0.0,2018-06-04,74,2.0246,10.0,
0.0,10900000.0,2018-06-04,74,2.0246,10.0,
0.0,103000000.0,2018-06-04,74,2.0246,10.0,
10300000.0,0.0,2018-06-11,81,2.0573,12.0,
10300000.0,0.0,2018-06-11,81,2.0714,12.0,
0.0,10400000.0,2018-06-12,82,2.0714,12.0,
0.0,10300000.0,2018-06-12,82,2.0714,12.0,
10300000.0,0.0,2018-06-13,83,2.0888,12.0,
10300000.0,0.0,2018-06-13,83,2.0888,12.0,
5400000.0,0.0,2018-06-18,88,2.1775,14.0,
10900000.0,0.0,2018-06-20,90,2.2018,15.0,
0.0,2100000.0,2018-04-24,33,1.7413,6.0,
16000000.0,0.0,2018-04-24,33,1.7413,6.0,
0.0,30000000.0,2018-04-27,36,1.7603,6.0,
0.0,20500000.0,2018-04-30,39,1.7603,6.0,
10500000.0,0.0,2018-06-13,83,2.0888,12.0,
0.0,33600000.0,2018-06-13,83,2.0888,12.0,
25000000.0,0.0,2018-06-13,83,2.0888,12.0,
0.0,250000000.0,2018-06-13,83,2.0888,12.0,
20900000.0,0.0,2018-06-14,84,2.1069,13.0,
0.0,10500000.0,2018-06-14,84,2.1069,13.0,
0.0,10000000.0,2018-06-14,84,2.1069,13.0,
20000000.0,0.0,2018-06-14,84,2.1069,13.0,
350000000.0,0.0,2018-06-14,84,2.1069,15.0,
0.0,30800000.0,2018-05-03,42,1.787,8.0,
0.0,20500000.0,2018-05-04,43,1.787,8.0,
0.0,14300000.0,2018-05-08,47,1.787,8.0,
10200000.0,0.0,2018-05-08,47,1.787,8.0,
10200000.0,0.0,2018-05-09,48,1.7999,8.0,
10300000.0,0.0,2018-05-09,48,1.7999,8.0,
0.0,10300000.0,2018-05-11,50,1.8105,8.0,
0.0,10300000.0,2018-05-14,53,1.8105,7.0,
20600000.0,0.0,2018-05-21,60,1.8849,8.0,
51500000.0,0.0,2018-05-21,60,1.8849,8.0,
0.0,31000000.0,2018-05-21,60,1.8849,8.0,
20600000.0,0.0,2018-05-23,62,1.9198,8.0,
0.0,20600000.0,2018-06-04,74,2.0172,10.0,
10800000.0,0.0,2018-06-04,74,2.0246,10.0,
54500000.0,0.0,2018-06-04,74,2.0246,10.0,
0.0,20700000.0,2018-06-05,75,2.0246,10.0,
3700000.0,0.0,2018-06-11,81,2.0573,12.0,
10300000.0,0.0,2018-06-11,81,2.0714,12.0,
10300000.0,0.0,2018-06-11,81,2.0714,12.0,
52000000.0,0.0,2018-06-13,83,2.0888,12.0,
0.0,20700000.0,2018-06-13,83,2.0888,12.0,
0.0,10300000.0,2018-06-18,88,2.145,14.0,
0.0,15500000.0,2018-06-18,88,2.1775,14.0,
38000000.0,0.0,2018-06-19,89,2.1775,14.0,
26900000.0,0.0,2018-04-23,32,1.7447,6.0,
0.0,31000000.0,2018-04-24,33,1.7413,6.0,
10300000.0,0.0,2018-05-01,40,1.7734,8.0,
0.0,10300000.0,2018-05-01,40,1.7734,8.0,
5100000.0,0.0,2018-05-01,40,1.7734,8.0,
123500000.0,0.0,2018-05-01,40,1.7734,8.0,
0.0,5100000.0,2018-05-08,47,1.787,8.0,
0.0,15500000.0,2018-05-11,50,1.8105,8.0,
10300000.0,0.0,2018-05-11,50,1.8105,8.0,
10300000.0,0.0,2018-05-14,53,1.8334,7.0,
0.0,21300000.0,2018-06-21,91,2.2225,15.0,
21300000.0,0.0,2018-06-22,92,2.2481,15.0,
150000000.0,0.0,2018-05-14,53,1.8105,7.0,
15000000.0,0.0,2018-05-29,68,1.9842,9.0,
12300000.0,0.0,2018-05-29,68,1.9842,9.0,
0.0,10300000.0,2018-05-29,68,1.9842,9.0,
4600000.0,0.0,2018-06-01,71,2.0063,10.0,
10300000.0,0.0,2018-06-04,74,2.0172,10.0,
0.0,21000000.0,2018-06-04,74,2.0246,10.0,
0.0,20500000.0,2018-06-04,74,2.0246,10.0,
12300000.0,0.0,2018-06-04,74,2.0246,10.0,
14400000.0,0.0,2018-06-08,78,2.0473,11.0,
30800000.0,0.0,2018-06-11,81,2.0714,12.0,
10300000.0,0.0,2018-06-14,84,2.1069,13.0,
0.0,20600000.0,2018-06-21,91,2.2225,15.0,
0.0,7500000.0,2018-04-23,32,1.7445,6.0,
10200000.0,0.0,2018-04-27,36,1.7603,6.0,
20500000.0,0.0,2018-05-02,41,1.7778,8.0,
0.0,20500000.0,2018-05-03,42,1.787,8.0,
0.0,10300000.0,2018-05-04,43,1.787,8.0,
10800000.0,0.0,2018-05-09,48,1.7999,8.0,
0.0,41200000.0,2018-05-10,49,1.8105,8.0,
0.0,54500000.0,2018-05-16,55,1.85,7.0,
10200000.0,0.0,2018-05-17,56,1.8849,8.0,
10900000.0,0.0,2018-05-17,56,1.8849,8.0,
76000000.0,0.0,2018-05-18,57,1.236,3.0,
0.0,12400000.0,2018-05-29,68,1.9563,9.0,
10300000.0,0.0,2018-06-07,77,2.0349,10.0,
6000000.0,0.0,2018-06-07,77,2.0349,10.0,
12400000.0,0.0,2018-06-11,81,2.0714,12.0,
10300000.0,0.0,2018-06-11,81,2.0714,12.0,
10300000.0,0.0,2018-06-18,88,2.1775,14.0,
0.0,10500000.0,2018-04-23,32,1.7445,6.0,
0.0,40000000.0,2018-04-23,32,1.7445,6.0,
10300000.0,0.0,2018-05-08,47,1.7935,8.0,
14400000.0,0.0,2018-05-11,50,1.8105,8.0,
0.0,10300000.0,2018-05-11,50,1.8105,8.0,
10300000.0,0.0,2018-05-11,50,1.8105,8.0,
0.0,16500000.0,2018-05-14,53,1.8334,7.0,
0.0,44000000.0,2018-05-21,60,1.8921,8.0,
0.0,4100000.0,2018-05-21,60,1.8921,8.0,
10900000.0,0.0,2018-05-22,61,1.9039,8.0,
10300000.0,0.0,2018-05-29,68,1.9563,9.0,
0.0,30900000.0,2018-05-29,68,1.9842,9.0,
0.0,11000000.0,2018-06-08,78,2.0473,11.0,
0.0,10300000.0,2018-06-08,78,2.0473,11.0,
5500000.0,0.0,2018-06-11,81,2.0573,12.0,
20700000.0,0.0,2018-06-11,81,2.0714,12.0,
10400000.0,0.0,2018-06-12,82,2.0714,12.0,
10400000.0,0.0,2018-06-15,85,2.1245,13.0,
20700000.0,0.0,2018-06-19,89,2.1775,14.0,
20700000.0,0.0,2018-04-23,32,1.7445,6.0,
0.0,10300000.0,2018-04-23,32,1.7445,6.0,
0.0,300000000.0,2018-04-30,39,1.8278,8.0,
53100000.0,0.0,2018-05-16,55,1.85,7.0,
0.0,18000000.0,2018-05-21,60,1.8725,8.0,
0.0,31100000.0,2018-05-21,60,1.8849,8.0,
41000000.0,0.0,2018-05-15,54,1.9604,9.0,
0.0,28300000.0,2018-05-22,61,1.9039,8.0,
0.0,100000000.0,2018-05-22,61,1.9039,8.0,
82000000.0,0.0,2018-05-15,54,1.9604,9.0,
0.0,250000000.0,2018-05-29,68,1.9436,9.0,
21300000.0,0.0,2018-06-01,71,2.0063,10.0,
0.0,55200000.0,2018-06-05,75,2.0246,10.0,
0.0,1000000.0,2018-06-08,78,2.0473,11.0,
27200000.0,0.0,2018-06-11,81,2.0714,12.0,
0.0,29400000.0,2018-06-18,88,2.1775,14.0,
0.0,30800000.0,2018-06-21,91,2.2225,15.0,
0.0,20600000.0,2018-05-09,48,1.7999,8.0,
16000000.0,0.0,2018-04-30,39,1.7723,8.0,
0.0,79600000.0,2018-04-30,39,1.7723,8.0,
0.0,103300000.0,2018-06-08,78,2.0473,11.0,
0.0,108300000.0,2018-06-11,81,2.0573,12.0,
103000000.0,0.0,2018-06-11,81,2.0714,12.0,
0.0,124000000.0,2018-05-31,70,1.9842,9.0,
79000000.0,0.0,2018-05-30,69,1.9842,9.0,
103100000.0,0.0,2018-06-21,91,2.2225,15.0,
248000000.0,0.0,2018-05-31,70,1.9842,1.0,
53200000.0,0.0,2018-05-16,55,1.85,7.0,
21300000.0,0.0,2018-05-21,60,1.8725,8.0,
204500000.0,0.0,2018-05-22,61,1.9039,11.0,
250000000.0,0.0,2018-05-29,68,1.9436,1.0,
0.0,20000000.0,2018-05-29,68,1.9842,9.0,
0.0,21300000.0,2018-06-04,74,2.0172,10.0,
0.0,56700000.0,2018-06-04,74,2.0172,10.0,
49700000.0,0.0,2018-06-05,75,2.0246,10.0,
21300000.0,0.0,2018-06-08,78,2.0473,11.0,
71000000.0,0.0,2018-06-11,81,2.0573,12.0,
0.0,56600000.0,2018-06-15,85,2.1245,13.0,
45200000.0,0.0,2018-06-15,85,2.1245,13.0,
0.0,21300000.0,2018-06-18,88,2.145,14.0,
18000000.0,0.0,2018-06-22,92,2.2481,15.0,
0.0,22100000.0,2018-05-14,53,1.8105,7.0,
77000000.0,0.0,2018-05-30,69,1.9842,9.0,
0.0,77000000.0,2018-05-30,69,1.9842,9.0,
30600000.0,0.0,2018-06-01,71,2.0063,10.0,
0.0,53200000.0,2018-06-15,85,2.1245,13.0,
0.0,204000000.0,2018-06-21,91,2.2225,15.0,
0.0,30600000.0,2018-04-23,32,1.7447,6.0,
10200000.0,0.0,2018-04-26,35,1.7525,6.0,
0.0,10200000.0,2018-04-27,36,1.7603,6.0,
0.0,53100000.0,2018-04-30,39,1.7603,6.0,
0.0,20400000.0,2018-05-14,53,1.82,7.0,
14300000.0,0.0,2018-05-17,56,1.8849,8.0,
50000000.0,0.0,2018-05-24,63,1.9436,9.0,
10200000.0,0.0,2018-05-29,68,1.9436,9.0,
0.0,10300000.0,2018-05-29,68,1.9563,9.0,
0.0,16400000.0,2018-05-31,70,1.9842,9.0,
0.0,106100000.0,2018-06-06,76,2.0252,10.0,
52800000.0,0.0,2018-06-11,81,2.0573,12.0,
191300000.0,0.0,2018-05-15,54,1.8388,9.0,
0.0,230000000.0,2018-06-11,81,2.0573,12.0,
0.0,20600000.0,2018-06-11,81,2.0573,12.0,
62000000.0,0.0,2018-05-15,54,1.6162,5.0,
54400000.0,0.0,2018-06-11,81,2.0714,12.0,
250000000.0,0.0,2018-04-23,32,1.7447,6.0,
18300000.0,0.0,2018-04-23,32,1.7447,6.0,
0.0,15700000.0,2018-04-30,39,1.7603,6.0,
0.0,1000000.0,2018-05-02,41,1.7778,8.0,
6500000.0,0.0,2018-05-04,43,1.787,8.0,
0.0,14200000.0,2018-05-08,47,1.7907,8.0,
30600000.0,0.0,2018-05-11,50,1.8105,8.0,
50400000.0,0.0,2018-05-25,64,1.9436,9.0,
14300000.0,0.0,2018-05-31,70,1.9842,9.0,
10200000.0,0.0,2018-06-04,74,2.0172,10.0,
0.0,14300000.0,2018-06-06,76,2.0252,10.0,
153500000.0,0.0,2018-05-16,55,1.85,7.0,
55000000.0,0.0,2018-05-16,55,1.85,7.0,
0.0,55000000.0,2018-06-18,88,2.145,14.0,
149100000.0,0.0,2018-05-16,55,1.85,7.0,
0.0,77000000.0,2018-05-16,55,1.85,7.0,
183900000.0,0.0,2018-05-29,68,1.9842,9.0,
0.0,173500000.0,2018-05-16,55,1.85,7.0,
0.0,51200000.0,2018-05-17,56,1.6181,5.0,
20600000.0,0.0,2018-05-21,60,1.8921,8.0,
79700000.0,0.0,2018-05-22,61,1.9039,8.0,
0.0,10300000.0,2018-05-22,61,1.9039,8.0,
10300000.0,0.0,2018-05-22,61,1.9039,8.0,
29900000.0,0.0,2018-05-23,62,1.9198,8.0,
0.0,6200000.0,2018-05-23,62,1.9198,8.0,
0.0,12400000.0,2018-05-25,64,1.9436,9.0,
0.0,100000000.0,2018-05-25,64,1.9436,9.0,
10300000.0,0.0,2018-05-25,64,1.9436,9.0,
4500000.0,0.0,2018-05-25,64,1.9436,9.0,
0.0,8300000.0,2018-05-25,64,1.9436,9.0,
0.0,8300000.0,2018-05-29,68,1.9842,9.0,
8300000.0,0.0,2018-06-01,71,2.0063,10.0,
109000000.0,0.0,2018-06-01,71,2.0063,10.0,
12400000.0,0.0,2018-06-04,74,2.0172,10.0,
0.0,16600000.0,2018-06-06,76,2.0252,10.0,
0.0,16600000.0,2018-06-06,76,2.0252,10.0,
0.0,20700000.0,2018-06-08,78,2.0473,11.0,
207100000.0,0.0,2018-06-08,78,2.0473,14.0,
10000000.0,0.0,2018-06-12,82,2.0714,12.0,
0.0,230000000.0,2018-06-12,82,2.0714,12.0,
0.0,20000000.0,2018-06-13,83,2.0888,12.0,
0.0,115000000.0,2018-06-13,83,2.0888,12.0,
0.0,41500000.0,2018-06-14,84,2.1069,13.0,
0.0,12400000.0,2018-06-15,85,2.1245,13.0,
0.0,12000000.0,2018-06-15,85,2.1245,13.0,
0.0,14500000.0,2018-06-15,85,2.1245,13.0,
31100000.0,0.0,2018-06-15,85,2.1245,13.0,
207400000.0,0.0,2018-06-18,88,2.145,1.0,
8300000.0,0.0,2018-06-18,88,2.145,14.0,
20800000.0,0.0,2018-06-19,89,2.1775,14.0,
0.0,15000000.0,2018-06-21,91,2.2225,15.0,
0.0,84000000.0,2018-05-01,40,1.7734,8.0,
54000000.0,0.0,2018-05-01,40,1.7734,8.0,
0.0,2600000.0,2018-05-01,40,1.7734,8.0,
10300000.0,0.0,2018-05-08,47,1.787,8.0,
5100000.0,0.0,2018-05-08,47,1.7935,8.0,
0.0,14400000.0,2018-05-11,50,1.8105,8.0,
0.0,20600000.0,2018-05-11,50,1.8105,8.0,
10300000.0,0.0,2018-05-14,53,1.8334,7.0,
10300000.0,0.0,2018-05-21,60,1.8849,8.0,
10300000.0,0.0,2018-05-21,60,1.8921,8.0,
0.0,6200000.0,2018-05-21,60,1.8921,8.0,
0.0,20600000.0,2018-05-29,68,1.9436,9.0,
10300000.0,0.0,2018-06-04,74,2.0246,10.0,
0.0,100000000.0,2018-06-04,74,2.0246,10.0,
0.0,5500000.0,2018-06-08,78,2.0473,11.0,
51500000.0,0.0,2018-06-08,78,2.0473,11.0,
10300000.0,0.0,2018-06-11,81,2.0573,12.0,
11000000.0,0.0,2018-06-11,81,2.0714,12.0,
10300000.0,0.0,2018-06-15,85,2.1245,13.0,
25600000.0,0.0,2018-06-18,88,2.1775,14.0,
11000000.0,0.0,2018-06-19,89,2.1775,14.0,
0.0,20600000.0,2018-04-30,39,1.7603,6.0,
30900000.0,0.0,2018-04-30,39,1.7669,6.0,
100000000.0,0.0,2018-06-04,74,1.245,3.0,
0.0,16500000.0,2018-05-14,53,1.8334,7.0,
0.0,10900000.0,2018-05-14,53,1.8334,7.0,
0.0,10900000.0,2018-05-22,61,1.9039,8.0,
14400000.0,0.0,2018-05-29,68,1.9842,9.0,
21000000.0,0.0,2018-06-04,74,2.0246,10.0,
25000000.0,0.0,2018-06-04,74,2.0246,10.0,
10300000.0,0.0,2018-06-11,81,2.0573,12.0,
10300000.0,0.0,2018-06-11,81,2.0714,12.0,
0.0,10400000.0,2018-06-15,85,2.1245,13.0,
0.0,10400000.0,2018-06-15,85,2.1245,13.0,
0.0,20700000.0,2018-06-18,88,2.1775,14.0,
14031.34,0.0,2018-06-05,75,3.1625,1.0,
0.0,15.05,2018-06-05,75,3.1625,1.0,
10300000.0,0.0,2018-04-27,36,1.7603,6.0,
10700000.0,0.0,2018-04-30,39,1.7603,6.0,
12800000.0,0.0,2018-05-03,42,1.787,8.0,
0.0,10300000.0,2018-05-08,47,1.789,8.0,
10300000.0,0.0,2018-05-08,47,1.789,8.0,
0.0,10300000.0,2018-05-09,48,1.7999,8.0,
10200000.0,0.0,2018-05-09,48,1.7999,8.0,
14400000.0,0.0,2018-05-10,49,1.8105,8.0,
20600000.0,0.0,2018-05-21,60,1.8849,8.0,
28000000.0,0.0,2018-05-23,62,1.9198,8.0,
51500000.0,0.0,2018-06-04,74,2.0172,10.0,
8100000.0,0.0,2018-06-04,74,2.0246,10.0,
0.0,10300000.0,2018-06-04,74,2.0246,10.0,
15500000.0,0.0,2018-06-04,74,2.0246,10.0,
0.0,10300000.0,2018-06-06,76,2.0252,10.0,
0.0,10300000.0,2018-06-12,82,2.0714,12.0,
10300000.0,0.0,2018-06-13,83,2.0888,12.0,
0.0,27500000.0,2018-06-13,83,2.0888,12.0,
0.0,20700000.0,2018-06-18,88,2.145,14.0,
5400000.0,0.0,2018-06-18,88,2.145,14.0,
0.0,51250000.0,2018-04-23,32,1.7447,6.0,
10300000.0,0.0,2018-04-23,32,1.7445,6.0,
5400000.0,0.0,2018-04-24,33,1.7413,6.0,
17000000.0,0.0,2018-04-27,36,1.7603,6.0,
10300000.0,0.0,2018-04-27,36,1.7603,6.0,
98000000.0,0.0,2018-05-01,40,1.7734,8.0,
0.0,102800000.0,2018-05-01,40,1.7734,8.0,
10300000.0,0.0,2018-05-01,40,1.7734,8.0,
10300000.0,0.0,2018-05-01,40,1.7734,8.0,
0.0,10500000.0,2018-04-23,32,1.7445,6.0,
0.0,20900000.0,2018-04-23,32,1.7445,6.0,
0.0,20900000.0,2018-04-23,32,1.7445,6.0,
0.0,9000000.0,2018-04-25,34,1.7452,6.0,
0.0,10000000.0,2018-04-26,35,1.7525,6.0,
55000000.0,0.0,2018-04-27,36,1.7603,6.0,
16700000.0,0.0,2018-04-26,35,1.7525,6.0,
0.0,54800000.0,2018-04-26,35,1.7525,6.0,
50000000.0,0.0,2018-04-26,35,1.7525,6.0,
24500000.0,0.0,2018-04-27,36,1.7603,6.0,
16700000.0,0.0,2018-04-27,36,1.7603,6.0,
109800000.0,0.0,2018-04-27,36,1.7603,6.0,
0.0,10400000.0,2018-04-30,39,1.7603,6.0,
2100000.0,0.0,2018-05-03,42,1.787,8.0,
16000000.0,0.0,2018-05-04,43,1.787,8.0,
0.0,20800000.0,2018-05-04,43,1.787,8.0,
2100000.0,0.0,2018-05-09,48,1.7999,8.0,
0.0,10400000.0,2018-05-10,49,1.8105,8.0,
50000000.0,0.0,2018-05-10,49,1.8105,8.0,
0.0,10500000.0,2018-05-14,53,1.8105,7.0,
0.0,10500000.0,2018-05-15,54,1.8388,7.0,
0.0,10500000.0,2018-05-16,55,1.85,7.0,
0.0,218900000.0,2018-05-21,60,1.8849,8.0,
150800000.0,0.0,2018-05-21,60,1.8849,8.0,
0.0,55900000.0,2018-05-21,60,1.8849,8.0,
10000000.0,0.0,2018-06-07,77,2.0349,10.0,
0.0,10400000.0,2018-04-23,32,1.7447,6.0,
14600000.0,0.0,2018-04-25,34,1.7452,6.0,
50000000.0,0.0,2018-04-26,35,1.7525,6.0,
25000000.0,0.0,2018-04-27,36,1.7603,6.0,
6400000.0,0.0,2018-04-30,39,1.7603,6.0,
0.0,10400000.0,2018-05-02,41,1.7778,8.0,
0.0,54800000.0,2018-05-02,41,1.7778,8.0,
50000000.0,0.0,2018-05-02,41,1.7778,8.0,
10400000.0,0.0,2018-05-03,42,1.787,8.0,
16700000.0,0.0,2018-05-03,42,1.787,8.0,
0.0,50000000.0,2018-05-08,47,1.787,8.0,
20500000.0,0.0,2018-05-08,47,1.7907,8.0,
6000000.0,0.0,2018-05-08,47,1.7907,8.0,
0.0,20000000.0,2018-05-09,48,1.7999,8.0,
0.0,10400000.0,2018-05-10,49,1.8105,8.0,
2500000.0,0.0,2018-05-15,54,1.8388,7.0,
7600000.0,0.0,2018-05-15,54,1.8388,7.0,
0.0,42000000.0,2018-05-16,55,1.85,7.0,
0.0,55000000.0,2018-05-16,55,1.85,7.0,
0.0,37500000.0,2018-05-21,60,1.8849,8.0,
91000000.0,0.0,2018-05-21,60,1.8849,8.0,
0.0,14600000.0,2018-05-22,61,1.9039,8.0,
0.0,26200000.0,2018-05-22,61,1.9039,8.0,
10500000.0,0.0,2018-05-24,63,1.9436,9.0,
20800000.0,0.0,2018-05-25,64,1.9436,9.0,
10500000.0,0.0,2018-05-25,64,1.9436,9.0,
0.0,10500000.0,2018-05-29,68,1.9436,9.0,
11000000.0,0.0,2018-05-30,69,1.9842,9.0,
0.0,10000000.0,2018-06-01,71,2.0063,10.0,
0.0,100000000.0,2018-06-04,74,2.0172,10.0,
0.0,20800000.0,2018-06-04,74,2.0172,10.0,
0.0,10000000.0,2018-06-04,74,2.0172,10.0,
11000000.0,0.0,2018-06-11,81,2.0573,12.0,
11000000.0,0.0,2018-06-12,82,2.0714,12.0,
0.0,11000000.0,2018-06-18,88,2.145,14.0,
0.0,10400000.0,2018-06-18,88,2.145,14.0,
0.0,19100000.0,2018-06-19,89,2.1775,14.0,
10000000.0,0.0,2018-06-19,89,2.1775,14.0,
8800000.0,0.0,2018-06-19,89,2.1775,14.0,
22000000.0,0.0,2018-06-19,89,2.1775,14.0,
0.0,25000000.0,2018-06-21,91,2.2225,15.0,
10400000.0,0.0,2018-04-23,32,1.7447,6.0,
10400000.0,0.0,2018-04-24,33,1.7413,6.0,
10400000.0,0.0,2018-04-24,33,1.7413,6.0,
0.0,14600000.0,2018-04-25,34,1.7452,6.0,
0.0,20500000.0,2018-04-23,32,1.7447,6.0,
0.0,5000000.0,2018-04-23,32,1.7447,6.0,
0.0,26700000.0,2018-04-23,32,1.7447,6.0,
0.0,117000000.0,2018-05-30,69,1.9842,9.0,
78100000.0,0.0,2018-05-30,69,1.9842,9.0,
0.0,75000000.0,2018-04-23,32,1.7447,6.0,
2100000.0,0.0,2018-05-01,40,1.7734,8.0,
16000000.0,0.0,2018-05-08,47,1.787,8.0,
102200000.0,0.0,2018-05-08,47,1.7907,8.0,
10200000.0,0.0,2018-05-09,48,1.7999,8.0,
0.0,10200000.0,2018-05-10,49,1.8105,8.0,
152800000.0,0.0,2018-05-10,49,1.8105,8.0,
10600000.0,0.0,2018-05-14,53,1.8105,7.0,
101800000.0,0.0,2018-05-14,53,1.8105,7.0,
0.0,10500000.0,2018-05-16,55,1.85,7.0,
0.0,77000000.0,2018-05-30,69,1.9842,9.0,
10200000.0,0.0,2018-05-16,55,1.85,7.0,
0.0,102000000.0,2018-05-21,60,1.8849,8.0,
101900000.0,0.0,2018-05-23,62,1.9198,8.0,
0.0,20400000.0,2018-05-29,68,1.9436,9.0,
20400000.0,0.0,2018-05-29,68,1.9842,9.0,
0.0,10500000.0,2018-06-01,71,2.0063,10.0,
20500000.0,0.0,2018-06-08,78,2.0473,11.0,
12300000.0,0.0,2018-06-15,85,2.1245,13.0,
0.0,20500000.0,2018-06-18,88,2.1775,14.0,
53100000.0,0.0,2018-06-18,88,2.1775,14.0,
101900000.0,0.0,2018-04-23,32,1.7447,6.0,
14300000.0,0.0,2018-04-25,34,1.7452,6.0,
12300000.0,0.0,2018-04-26,35,1.7525,6.0,
0.0,20500000.0,2018-04-27,36,1.7603,6.0,
0.0,12700000.0,2018-05-14,53,1.82,7.0,
6100000.0,0.0,2018-05-17,56,1.8849,8.0,
10200000.0,0.0,2018-05-21,60,1.8849,8.0,
50000000.0,0.0,2018-05-29,68,1.9436,9.0,
20500000.0,0.0,2018-06-04,74,2.0172,10.0,
171900000.0,0.0,2018-06-06,76,2.0252,10.0,
0.0,10200000.0,2018-06-07,77,2.0349,10.0,
0.0,102100000.0,2018-06-11,81,2.0573,12.0,
0.0,230000000.0,2018-06-11,81,2.0573,12.0,
0.0,320000000.0,2018-06-11,81,1.7225,6.0,
20600000.0,0.0,2018-06-11,81,2.0714,12.0,
0.0,10200000.0,2018-04-25,34,1.7452,6.0,
1000000.0,0.0,2018-04-27,36,1.7603,6.0,
0.0,8200000.0,2018-04-30,39,1.7603,6.0,
15700000.0,0.0,2018-05-04,43,1.787,8.0,
0.0,50000000.0,2018-05-09,48,1.7999,8.0,
12200000.0,0.0,2018-05-18,57,1.8849,8.0,
0.0,45700000.0,2018-05-25,64,1.9436,9.0,
0.0,38000000.0,2018-05-25,64,1.9436,9.0,
40000000.0,0.0,2018-05-31,70,2.5442,1.0,
10800000.0,0.0,2018-06-01,71,2.0063,10.0,
0.0,10200000.0,2018-06-04,74,2.0172,10.0,
14300000.0,0.0,2018-06-06,76,2.0252,10.0,
0.0,10200000.0,2018-06-06,76,2.0252,10.0,
0.0,22400000.0,2018-06-15,85,2.1245,13.0,
0.0,10500000.0,2018-04-30,39,1.7669,6.0,
50000000.0,0.0,2018-04-30,39,1.7669,6.0,
20000000.0,0.0,2018-04-30,39,1.7669,6.0,
0.0,31500000.0,2018-04-30,39,1.7723,8.0,
20000000.0,0.0,2018-05-03,42,1.787,8.0,
0.0,10000000.0,2018-05-09,48,1.7999,8.0,
47600000.0,0.0,2018-05-10,49,1.8105,8.0,
12000000.0,0.0,2018-05-14,53,1.8334,7.0,
0.0,23800000.0,2018-05-14,53,1.8334,7.0,
0.0,21000000.0,2018-05-14,53,1.8334,7.0,
11100000.0,0.0,2018-05-16,55,1.85,7.0,
0.0,11100000.0,2018-05-16,55,1.85,7.0,
0.0,32000000.0,2018-05-17,56,1.8849,8.0,
11000000.0,0.0,2018-05-21,60,1.8849,8.0,
11000000.0,0.0,2018-05-21,60,1.8849,8.0,
21000000.0,0.0,2018-05-21,60,1.8849,8.0,
0.0,21000000.0,2018-05-21,60,1.8849,8.0,
0.0,100000000.0,2018-05-21,60,1.8849,8.0,
0.0,22000000.0,2018-05-21,60,1.8921,8.0,
100000000.0,0.0,2018-05-22,61,1.9039,8.0,
50000000.0,0.0,2018-05-22,61,1.9039,8.0,
0.0,11000000.0,2018-05-24,63,1.9436,9.0,
0.0,47500000.0,2018-05-24,63,1.9436,9.0,
0.0,11000000.0,2018-05-24,63,1.9436,9.0,
20900000.0,0.0,2018-05-30,69,1.9842,9.0,
12000000.0,0.0,2018-06-01,71,2.0063,10.0,
11000000.0,0.0,2018-06-01,71,2.0063,10.0,
11000000.0,0.0,2018-06-04,74,2.0246,10.0,
35600000.0,0.0,2018-06-04,74,2.0246,10.0,
0.0,122000000.0,2018-05-15,54,1.9604,9.0,
0.0,11000000.0,2018-06-05,75,2.0246,10.0,
76700000.0,0.0,2018-06-06,76,2.0252,11.0,
0.0,67800000.0,2018-06-06,76,2.0252,10.0,
76600000.0,0.0,2018-06-07,77,2.0349,10.0,
0.0,11000000.0,2018-06-08,78,2.0473,11.0,
1000000.0,0.0,2018-06-11,81,2.0714,12.0,
162200000.0,0.0,2018-05-15,54,1.9604,9.0,
11000000.0,0.0,2018-06-12,82,2.0714,12.0,
11000000.0,0.0,2018-06-13,83,2.0888,12.0,
0.0,83200000.0,2018-06-14,84,2.1069,13.0,
0.0,11000000.0,2018-06-15,85,2.1245,13.0,
18000000.0,0.0,2018-06-18,88,2.1775,14.0,
0.0,43000000.0,2018-04-30,39,1.7603,6.0,
160000000.0,0.0,2018-05-15,54,1.8388,8.0,
22000000.0,0.0,2018-04-30,39,1.7669,6.0,
21500000.0,0.0,2018-06-14,84,2.1069,13.0,
0.0,25000000.0,2018-05-24,63,1.9436,9.0,
20000000.0,0.0,2018-06-06,76,2.0252,10.0,
0.0,31000000.0,2018-05-02,41,1.7778,8.0,
20000000.0,0.0,2018-06-05,75,2.0246,10.0,
0.0,10000000.0,2018-06-18,88,2.145,14.0,
0.0,10000000.0,2018-06-18,88,2.145,14.0,
20000000.0,0.0,2018-06-18,88,2.1775,14.0,
55000000.0,0.0,2018-04-23,32,1.7447,6.0,
60000000.0,0.0,2018-04-24,33,1.7413,6.0,
0.0,61000000.0,2018-05-08,47,1.787,8.0,
0.0,25000000.0,2018-05-08,47,1.7907,8.0,
100000000.0,0.0,2018-05-08,47,1.7907,8.0,
17000000.0,0.0,2018-05-14,53,1.8105,7.0,
0.0,26000000.0,2018-05-14,53,1.8105,7.0,
0.0,17000000.0,2018-05-21,60,1.8921,8.0,
0.0,41000000.0,2018-05-25,64,1.9436,9.0,
12000000.0,0.0,2018-05-25,64,1.9436,9.0,
0.0,17000000.0,2018-06-12,82,2.0714,12.0,
22000000.0,0.0,2018-06-19,89,2.1775,14.0,
0.0,22500000.0,2018-04-23,32,1.7447,6.0,
0.0,10000000.0,2018-04-23,32,1.7445,6.0,
0.0,40000000.0,2018-04-30,39,1.7669,6.0,
0.0,10000000.0,2018-05-04,43,1.787,8.0,
41000000.0,0.0,2018-05-08,47,1.789,8.0,
0.0,10000000.0,2018-05-10,49,1.8105,8.0,
0.0,10000000.0,2018-05-10,49,1.8105,8.0,
0.0,52000000.0,2018-05-25,64,1.9436,9.0,
20000000.0,0.0,2018-06-11,81,2.0714,12.0,
0.0,401274.24,2018-04-30,39,3.0,1.0,
0.0,18300000.0,2018-04-23,32,1.7447,6.0,
10200000.0,0.0,2018-04-25,34,1.7452,6.0,
10200000.0,0.0,2018-04-25,34,1.7452,6.0,
77000000.0,0.0,2018-05-31,70,1.9842,9.0,
0.0,30500000.0,2018-05-04,43,1.787,8.0,
14300000.0,0.0,2018-05-09,48,1.7999,8.0,
0.0,15700000.0,2018-05-11,50,1.8105,8.0,
0.0,12200000.0,2018-05-18,57,1.8849,8.0,
36700000.0,0.0,2018-05-25,64,1.9436,9.0,
0.0,14300000.0,2018-05-31,70,1.9842,9.0,
40000000.0,0.0,2018-05-31,70,2.5394,17.0,
0.0,30600000.0,2018-06-01,71,2.0063,10.0,
4200000.0,0.0,2018-06-06,76,2.0252,10.0,
158000000.0,0.0,2018-05-15,54,1.8388,8.0,
0.0,16500000.0,2018-05-16,55,1.85,7.0,
0.0,36000000.0,2018-06-18,88,2.145,14.0,
0.0,139500000.0,2018-05-16,55,1.85,7.0,
0.0,138100000.0,2018-05-16,55,1.85,7.0,
62000000.0,0.0,2018-05-16,55,1.85,7.0,
0.0,158000000.0,2018-05-15,54,1.8388,7.0,
0.0,206700000.0,2018-05-22,61,1.9039,8.0,
0.0,86700000.0,2018-05-22,61,1.9039,8.0,
0.0,10300000.0,2018-05-22,61,1.9039,8.0,
0.0,10300000.0,2018-05-25,64,1.9436,9.0,
6200000.0,0.0,2018-05-25,64,1.9436,9.0,
0.0,206000000.0,2018-06-01,71,2.0063,10.0,
10300000.0,0.0,2018-06-04,74,2.0172,10.0,
8300000.0,0.0,2018-06-05,75,2.0246,10.0,
109000000.0,0.0,2018-06-05,75,2.0246,10.0,
0.0,8300000.0,2018-06-06,76,2.0252,10.0,
10400000.0,0.0,2018-06-07,77,2.0349,10.0,
0.0,75400000.0,2018-06-07,77,2.0349,10.0,
108900000.0,0.0,2018-06-08,78,2.0473,11.0,
0.0,26900000.0,2018-06-11,81,2.0573,12.0,
15000000.0,0.0,2018-06-12,82,2.0714,12.0,
20000000.0,0.0,2018-06-12,82,2.0714,12.0,
25000000.0,0.0,2018-06-12,82,2.0714,12.0,
31100000.0,0.0,2018-06-13,83,2.0888,12.0,
0.0,10000000.0,2018-06-13,83,2.0888,12.0,
20700000.0,0.0,2018-06-13,83,2.0888,12.0,
0.0,41500000.0,2018-06-14,84,2.1069,13.0,
0.0,41500000.0,2018-06-14,84,2.1069,13.0,
0.0,151200000.0,2018-06-14,84,2.1069,13.0,
82900000.0,0.0,2018-06-15,85,2.1245,13.0,
10400000.0,0.0,2018-06-18,88,2.145,14.0,
12500000.0,0.0,2018-06-19,89,2.1775,14.0,
0.0,55000000.0,2018-06-19,89,2.1775,14.0,
25000000.0,0.0,2018-06-21,91,2.2225,15.0,
0.0,12000000.0,2018-06-20,90,2.2018,15.0,
1479990.43,0.0,2018-04-30,39,4.375,1.0,
11118871.39,0.0,2018-04-24,33,3.416,1.0,
0.0,5897734.37,2018-05-07,46,6.375,1.0,
0.0,146281.04,2018-04-27,36,4.0,1.0,
0.0,479998.07,2018-04-30,39,4.0,1.0,
0.0,1023628.17,2018-04-27,36,4.0,1.0,
82000000.0,0.0,2018-05-15,54,1.9604,9.0,
0.0,11200000.0,2018-04-23,32,1.7445,6.0,
81800000.0,0.0,2018-05-15,54,1.9604,9.0,
0.0,11200000.0,2018-04-24,33,1.7413,6.0,
11200000.0,0.0,2018-04-24,33,1.7413,6.0,
31700000.0,0.0,2018-04-30,39,1.7603,6.0,
0.0,89200000.0,2018-04-30,39,1.7603,6.0,
0.0,22500000.0,2018-04-30,39,1.7603,6.0,
0.0,60200000.0,2018-04-30,39,1.7669,6.0,
21200000.0,0.0,2018-04-30,39,1.7723,8.0,
0.0,35800000.0,2018-05-08,47,1.789,8.0,
0.0,85000000.0,2018-05-08,47,1.789,8.0,
82000000.0,0.0,2018-05-15,54,1.9604,9.0,
0.0,17900000.0,2018-05-08,47,1.7935,8.0,
0.0,106100000.0,2018-05-14,53,1.8105,7.0,
21000000.0,0.0,2018-05-14,53,1.8105,7.0,
10600000.0,0.0,2018-05-14,53,1.82,7.0,
0.0,82000000.0,2018-05-15,54,1.9604,9.0,
161000000.0,0.0,2018-05-15,54,1.8388,8.0,
0.0,12200000.0,2018-06-14,84,2.1069,13.0,
10200000.0,0.0,2018-06-15,85,2.1245,13.0,
61200000.0,0.0,2018-06-18,88,2.145,14.0,
96200000.0,0.0,2018-06-19,89,2.1775,14.0,
40800000.0,0.0,2018-06-19,89,2.1775,14.0,
0.0,20400000.0,2018-06-20,90,2.2018,15.0,
15500000.0,0.0,2018-04-26,35,1.7525,6.0,
0.0,16700000.0,2018-04-26,35,1.7525,6.0,
0.0,50000000.0,2018-04-26,35,1.7525,6.0,
0.0,109500000.0,2018-04-27,36,1.7603,6.0,
10400000.0,0.0,2018-04-27,36,1.7603,6.0,
7600000.0,0.0,2018-04-27,36,1.7603,6.0,
0.0,208600000.0,2018-04-27,36,1.7603,6.0,
0.0,12500000.0,2018-04-30,39,1.7603,6.0,
0.0,20900000.0,2018-04-30,39,1.7603,6.0,
0.0,16000000.0,2018-04-30,39,1.7603,6.0,
50400000.0,0.0,2018-05-02,41,1.7778,8.0,
0.0,16700000.0,2018-05-02,41,1.7778,8.0,
0.0,10200000.0,2018-05-04,43,1.787,8.0,
50000000.0,0.0,2018-05-08,47,1.787,8.0,
0.0,50000000.0,2018-05-08,47,1.787,8.0,
10500000.0,0.0,2018-05-08,47,1.7907,8.0,
10400000.0,0.0,2018-05-08,47,1.7907,8.0,
10400000.0,0.0,2018-05-08,47,1.7907,8.0,
0.0,15000000.0,2018-05-08,47,1.405,4.0,
5000000.0,0.0,2018-05-09,48,1.7999,8.0,
10000000.0,0.0,2018-05-09,48,1.7999,8.0,
0.0,21000000.0,2018-05-09,48,1.7999,8.0,
10400000.0,0.0,2018-05-15,54,1.8388,7.0,
0.0,20900000.0,2018-05-15,54,1.8388,7.0,
0.0,42000000.0,2018-05-16,55,1.85,7.0,
50000000.0,0.0,2018-05-17,56,1.8849,8.0,
0.0,201000000.0,2018-05-21,60,1.8849,8.0,
0.0,16700000.0,2018-05-21,60,1.8849,8.0,
0.0,10400000.0,2018-05-22,61,1.9039,8.0,
10400000.0,0.0,2018-05-22,61,1.9039,8.0,
20800000.0,0.0,2018-05-23,62,1.9198,8.0,
0.0,11000000.0,2018-05-24,63,1.9436,9.0,
0.0,41600000.0,2018-05-25,64,1.9436,9.0,
10400000.0,0.0,2018-05-25,64,1.9436,9.0,
21000000.0,0.0,2018-05-25,64,1.9436,9.0,
0.0,10400000.0,2018-06-04,74,2.0172,10.0,
47600000.0,0.0,2018-06-04,74,2.0172,10.0,
0.0,100000000.0,2018-06-05,75,2.0246,10.0,
10000000.0,0.0,2018-06-05,75,2.0246,10.0,
0.0,40000000.0,2018-06-06,76,2.0252,10.0,
50000000.0,0.0,2018-06-06,76,2.0252,10.0,
0.0,20800000.0,2018-06-08,78,2.0473,11.0,
50000000.0,0.0,2018-06-12,82,2.0714,12.0,
25000000.0,0.0,2018-06-13,83,2.0888,12.0,
10900000.0,0.0,2018-06-19,89,2.1775,14.0,
11000000.0,0.0,2018-06-21,91,2.2225,15.0,
31000000.0,0.0,2018-05-29,68,1.9842,9.0,
8300000.0,0.0,2018-06-20,90,2.2018,15.0,
30000000.0,0.0,2018-06-18,88,2.145,14.0,
52000000.0,0.0,2018-04-23,32,1.7445,6.0,
50300000.0,0.0,2018-04-24,33,1.7413,6.0,
12500000.0,0.0,2018-04-25,34,1.7452,6.0,
27400000.0,0.0,2018-04-25,34,1.7452,6.0,
0.0,1000000.0,2018-04-27,36,1.7603,6.0,
0.0,135400000.0,2018-04-27,36,1.7603,6.0,
9000000.0,0.0,2018-04-27,36,1.7603,6.0,
27000000.0,0.0,2018-04-27,36,1.7603,6.0,
0.0,20000000.0,2018-05-29,68,1.9842,9.0,
12000000.0,0.0,2018-05-01,40,1.7734,8.0,
0.0,10500000.0,2018-05-02,41,1.7778,8.0,
0.0,56000000.0,2018-05-03,42,1.787,8.0,
16800000.0,0.0,2018-05-14,53,1.8334,7.0,
25000000.0,0.0,2018-05-14,53,1.8334,7.0,
19200000.0,0.0,2018-05-14,53,1.8334,7.0,
0.0,10000000.0,2018-05-14,53,1.8334,7.0,
21000000.0,0.0,2018-05-16,55,1.85,7.0,
0.0,55000000.0,2018-05-16,55,1.85,7.0,
0.0,21000000.0,2018-05-17,56,1.8849,8.0,
0.0,12600000.0,2018-05-17,56,1.8849,8.0,
0.0,50000000.0,2018-05-17,56,1.8849,8.0,
15000000.0,0.0,2018-05-21,60,1.8849,8.0,
1000000.0,0.0,2018-05-21,60,1.8849,8.0,
0.0,55200000.0,2018-05-21,60,1.8849,8.0,
22000000.0,0.0,2018-05-21,60,1.8849,8.0,
22000000.0,0.0,2018-05-21,60,1.8921,8.0,
0.0,18000000.0,2018-05-22,61,1.9039,8.0,
11000000.0,0.0,2018-05-22,61,1.9039,8.0,
50600000.0,0.0,2018-05-24,63,1.9436,9.0,
0.0,11000000.0,2018-05-24,63,1.9436,9.0,
0.0,17800000.0,2018-05-08,47,1.7907,8.0,
82000000.0,0.0,2018-05-15,54,1.9604,9.0,
0.0,10400000.0,2018-05-23,62,1.9198,8.0,
160000000.0,0.0,2018-05-15,54,1.8388,8.0,
10000000.0,0.0,2018-05-24,63,1.9436,9.0,
0.0,10400000.0,2018-05-29,68,1.9563,9.0,
16600000.0,0.0,2018-06-01,71,2.0063,10.0,
0.0,10000000.0,2018-06-04,74,2.0172,10.0,
16600000.0,0.0,2018-06-04,74,2.0172,10.0,
150900000.0,0.0,2018-06-04,74,2.0246,10.0,
0.0,24200000.0,2018-06-04,74,2.0246,10.0,
48079957.31,0.0,2018-06-04,74,2.0246,10.0,
0.0,10000000.0,2018-05-08,47,1.7935,8.0,
0.0,14500000.0,2018-05-08,47,1.7907,8.0,
0.0,20800000.0,2018-05-08,47,1.7907,8.0,
0.0,10000000.0,2018-05-08,47,1.7907,8.0,
25000000.0,0.0,2018-05-09,48,1.7999,8.0,
10000000.0,0.0,2018-05-14,53,1.8334,7.0,
20000000.0,0.0,2018-05-14,53,1.8334,7.0,
5000000.0,0.0,2018-05-16,55,1.85,7.0,
0.0,1000000.0,2018-05-17,56,1.8849,8.0,
10000000.0,0.0,2018-05-17,56,1.8849,8.0,
10000000.0,0.0,2018-05-17,56,1.8849,8.0,
0.0,109800000.0,2018-05-21,60,1.8921,8.0,
0.0,10000000.0,2018-05-21,60,1.8921,8.0,
0.0,12000000.0,2018-05-21,60,1.8921,8.0,
0.0,10000000.0,2018-05-21,60,1.8921,8.0,
0.0,10000000.0,2018-05-21,60,1.8921,8.0,
0.0,10000000.0,2018-05-21,60,1.8921,8.0,
0.0,21000000.0,2018-05-21,60,1.8921,8.0,
0.0,50000000.0,2018-05-21,60,1.8921,8.0,
8000000.0,0.0,2018-05-23,62,1.9198,8.0,
0.0,21000000.0,2018-04-27,36,1.4725,4.0,
0.0,38000000.0,2018-06-05,75,2.0246,10.0,
0.0,27500000.0,2018-06-05,75,2.0246,10.0,
0.0,3000000.0,2018-04-30,39,1.7603,6.0,
0.0,14000000.0,2018-04-30,39,1.7723,8.0,
95000000.0,0.0,2018-05-09,48,1.7999,8.0,
130000000.0,0.0,2018-05-09,48,1.7999,8.0,
0.0,20400000.0,2018-06-21,91,2.2225,15.0,
0.0,25000000.0,2018-06-21,91,2.2225,15.0,
51000000.0,0.0,2018-04-24,33,1.7413,6.0,
0.0,25000000.0,2018-04-24,33,1.7413,6.0,
20500000.0,0.0,2018-04-26,35,1.7525,6.0,
14300000.0,0.0,2018-04-30,39,1.7603,6.0,
14300000.0,0.0,2018-04-30,39,1.7723,8.0,
0.0,10200000.0,2018-04-30,39,1.7723,8.0,
10600000.0,0.0,2018-04-30,39,1.7723,8.0,
53100000.0,0.0,2018-05-01,40,1.7734,8.0,
0.0,10600000.0,2018-05-01,40,1.7734,8.0,
0.0,10600000.0,2018-05-01,40,1.7734,8.0,
0.0,13500000.0,2018-05-01,40,1.7734,8.0,
0.0,90000000.0,2018-05-01,40,1.7734,8.0,
0.0,7400000.0,2018-05-02,41,1.7778,8.0,
20500000.0,0.0,2018-05-03,42,1.787,8.0,
10200000.0,0.0,2018-05-04,43,1.787,8.0,
0.0,10600000.0,2018-05-08,47,1.7935,8.0,
10000000.0,0.0,2018-05-08,47,1.7935,8.0,
12300000.0,0.0,2018-05-09,48,1.7999,8.0,
0.0,3200000.0,2018-05-10,49,1.8105,8.0,
10500000.0,0.0,2018-05-14,53,1.8334,7.0,
16400000.0,0.0,2018-05-14,53,1.8334,7.0,
158000000.0,0.0,2018-05-15,54,1.8388,8.0,
0.0,16400000.0,2018-05-14,53,1.8334,7.0,
50000000.0,0.0,2018-04-24,33,1.7413,6.0,
6300000.0,0.0,2018-04-27,36,1.7603,6.0,
14600000.0,0.0,2018-04-27,36,1.7603,6.0,
10000000.0,0.0,2018-04-30,39,1.7723,8.0,
10400000.0,0.0,2018-05-02,41,1.7778,8.0,
11000000.0,0.0,2018-05-03,42,1.787,8.0,
0.0,5000000.0,2018-05-03,42,1.787,8.0,
11300000.0,0.0,2018-05-03,42,1.787,8.0,
0.0,20000000.0,2018-05-04,43,1.787,8.0,
20800000.0,0.0,2018-05-11,50,1.8105,8.0,
0.0,50700000.0,2018-05-11,50,1.8105,8.0,
0.0,10000000.0,2018-05-14,53,1.8334,7.0,
0.0,27300000.0,2018-05-15,54,1.8388,7.0,
0.0,50800000.0,2018-05-15,54,1.8388,7.0,
10000000.0,0.0,2018-05-15,54,1.8388,7.0,
10400000.0,0.0,2018-05-17,56,1.8849,8.0,
0.0,19100000.0,2018-05-17,56,1.8849,8.0,
5000000.0,0.0,2018-05-17,56,1.8849,8.0,
0.0,5500000.0,2018-05-17,56,1.8849,8.0,
20900000.0,0.0,2018-06-15,85,2.1245,13.0,
0.0,1250000.0,2018-06-18,88,2.145,14.0,
0.0,10000000.0,2018-06-18,88,2.1775,14.0,
0.0,20900000.0,2018-06-18,88,2.1775,14.0,
0.0,20900000.0,2018-06-18,88,2.1775,14.0,
0.0,16700000.0,2018-06-21,91,2.2225,15.0,
0.0,8700000.0,2018-05-16,55,1.85,7.0,
0.0,55000000.0,2018-05-16,55,1.85,7.0,
0.0,119000000.0,2018-05-15,54,1.8388,7.0,
206000000.0,0.0,2018-05-16,55,1.85,1.0,
150000000.0,0.0,2018-05-16,55,1.85,7.0,
0.0,119000000.0,2018-05-15,54,1.8388,7.0,
10300000.0,0.0,2018-05-18,57,1.8849,8.0,
0.0,18600000.0,2018-05-18,57,1.8849,8.0,
320000000.0,0.0,2018-06-11,81,1.7225,7.0,
20800000.0,0.0,2018-04-23,32,1.7447,6.0,
0.0,10400000.0,2018-04-24,33,1.7413,6.0,
20800000.0,0.0,2018-04-27,36,1.7603,6.0,
14600000.0,0.0,2018-04-30,39,1.7603,6.0,
0.0,31300000.0,2018-04-30,39,1.7603,6.0,
0.0,34000000.0,2018-06-04,74,2.0246,10.0,
260000000.0,0.0,2018-05-29,68,1.9842,13.0,
0.0,44000000.0,2018-04-23,32,1.7447,6.0,
0.0,102000000.0,2018-05-08,47,1.787,8.0,
0.0,5500000.0,2018-06-12,82,2.0714,12.0,
11000000.0,0.0,2018-06-12,82,2.0714,12.0,
0.0,11100000.0,2018-06-18,88,2.145,14.0,
0.0,6000000.0,2018-06-18,88,2.1775,14.0,
0.0,40000000.0,2018-04-30,39,1.7669,6.0,
30000000.0,0.0,2018-05-01,40,1.7734,8.0,
0.0,17000000.0,2018-05-25,64,1.9436,9.0,
31000000.0,0.0,2018-05-25,64,1.9436,9.0,
80000000.0,0.0,2018-06-04,74,1.668,6.0,
0.0,5000000.0,2018-06-04,74,2.0246,10.0,
20000000.0,0.0,2018-06-04,74,2.0246,10.0,
0.0,30600000.0,2018-06-11,81,2.0573,12.0,
17000000.0,0.0,2018-06-12,82,2.0714,12.0,
0.0,17000000.0,2018-04-23,32,1.7445,6.0,
0.0,40000000.0,2018-04-30,39,1.7603,6.0,
0.0,10000000.0,2018-05-07,46,1.787,8.0,
0.0,22000000.0,2018-05-08,47,1.789,8.0,
7500000.0,0.0,2018-05-18,57,1.8849,8.0,
0.0,21000000.0,2018-05-24,63,1.9436,9.0,
11000000.0,0.0,2018-06-13,83,2.0888,12.0,
0.0,55000000.0,2018-06-18,88,2.1775,14.0,
0.0,62000000.0,2018-04-23,32,1.7445,6.0,
122000000.0,0.0,2018-04-30,39,1.7603,6.0,
10000000.0,0.0,2018-05-21,60,1.8921,8.0,
0.0,20000000.0,2018-04-27,36,2.1841,1.0,
51000000.0,0.0,2018-06-13,83,2.0888,12.0,
0.0,261500000.0,2018-04-30,39,1.7669,6.0,
0.0,82000000.0,2018-05-15,54,1.8388,7.0,
22000000.0,0.0,2018-06-06,76,2.0252,10.0,
18000000.0,0.0,2018-05-15,54,1.8388,7.0,
17000000.0,0.0,2018-06-11,81,2.0714,12.0,
0.0,5500000.0,2018-06-12,82,2.0714,12.0,
0.0,5600000.0,2018-06-18,88,2.1775,14.0,
0.0,20000000.0,2018-04-23,32,1.7445,6.0,
0.0,40000000.0,2018-04-30,39,1.7669,6.0,
20000000.0,0.0,2018-05-14,53,1.8105,7.0,
17000000.0,0.0,2018-05-14,53,1.82,7.0,
40000000.0,0.0,2018-05-14,53,1.8334,7.0,
40000000.0,0.0,2018-05-21,60,1.8849,8.0,
0.0,23000000.0,2018-05-25,64,1.9436,9.0,
90000000.0,0.0,2018-06-04,74,1.668,6.0,
25864700.0,0.0,2018-06-04,74,1.668,6.0,
0.0,17000000.0,2018-06-13,83,2.0888,12.0,
0.0,30000000.0,2018-04-23,32,1.7445,6.0,
0.0,12000000.0,2018-04-23,32,1.7445,6.0,
0.0,17000000.0,2018-04-30,39,1.7669,6.0,
0.0,28000000.0,2018-04-30,39,1.7723,8.0,
0.0,27500000.0,2018-04-30,39,1.7723,8.0,
0.0,11000000.0,2018-05-08,47,1.789,8.0,
0.0,31000000.0,2018-05-08,47,1.7935,8.0,
0.0,30000000.0,2018-05-10,49,1.8105,8.0,
17000000.0,0.0,2018-05-10,49,1.8105,8.0,
0.0,59424451.0,2018-05-18,57,1.8849,8.0,
10000000.0,0.0,2018-06-04,74,2.0246,10.0,
0.0,100000000.0,2018-06-11,81,2.0714,12.0,
0.0,50000000.0,2018-06-12,82,2.0714,12.0,
16400000.0,0.0,2018-06-18,88,2.1775,14.0,
28000000.0,0.0,2018-06-20,90,2.2018,15.0,
0.0,16000000.0,2018-06-21,91,2.2225,15.0,
25300000.0,0.0,2018-04-25,34,1.7452,6.0,
0.0,15000000.0,2018-04-30,39,1.7669,6.0,
10000000.0,0.0,2018-05-07,46,1.787,8.0,
0.0,10000000.0,2018-05-14,53,1.8105,7.0,
71000000.0,0.0,2018-05-21,60,1.8849,8.0,
0.0,20000000.0,2018-06-04,74,2.0172,10.0,
44000000.0,0.0,2018-06-04,74,2.0246,10.0,
20000000.0,0.0,2018-06-04,74,2.0246,10.0,
27000000.0,0.0,2018-06-12,82,2.0714,12.0,
25000000.0,0.0,2018-06-20,90,2.2018,15.0,
10000000.0,0.0,2018-04-23,32,1.7445,6.0,
30900000.0,0.0,2018-04-30,39,1.7603,6.0,
20000000.0,0.0,2018-04-27,36,1.7603,6.0,
82500000.0,0.0,2018-05-04,43,1.787,8.0,
14000000.0,0.0,2018-05-03,42,1.787,8.0,
0.0,12500000.0,2018-05-08,47,1.789,8.0,
0.0,10400000.0,2018-05-08,47,1.789,8.0,
20800000.0,0.0,2018-05-08,47,1.7935,8.0,
70000000.0,0.0,2018-06-15,85,2.1266,13.0,
18400000.0,0.0,2018-06-15,85,2.1245,13.0,
0.0,6100000.0,2018-06-18,88,2.145,14.0,
0.0,12200000.0,2018-06-19,89,2.1775,14.0,
0.0,10200000.0,2018-06-20,90,2.2018,15.0,
16300000.0,0.0,2018-06-20,90,2.2018,15.0,
0.0,100800000.0,2018-06-20,90,2.2018,15.0,
20400000.0,0.0,2018-06-21,91,2.2225,15.0,
20400000.0,0.0,2018-06-21,91,2.2225,15.0,
78000000.0,0.0,2018-05-15,54,1.8388,7.0,
0.0,156000000.0,2018-05-15,54,1.8388,7.0,
0.0,26300000.0,2018-04-24,33,1.7413,6.0,
0.0,14300000.0,2018-04-25,34,1.7452,6.0,
10200000.0,0.0,2018-04-26,35,1.7525,6.0,
20500000.0,0.0,2018-04-27,36,1.7603,6.0,
0.0,10200000.0,2018-04-27,36,1.7603,6.0,
10200000.0,0.0,2018-04-30,39,1.7603,6.0,
20500000.0,0.0,2018-04-30,39,1.7723,8.0,
0.0,20500000.0,2018-04-30,39,1.7723,8.0,
10200000.0,0.0,2018-04-30,39,1.7723,8.0,
0.0,102500000.0,2018-05-01,40,1.7734,8.0,
0.0,19600000.0,2018-05-01,40,1.7734,8.0,
0.0,13100000.0,2018-05-01,40,1.7734,8.0,
97000000.0,0.0,2018-05-01,40,1.7734,8.0,
10000000.0,0.0,2018-05-08,47,1.7935,8.0,
14300000.0,0.0,2018-05-10,49,1.8105,8.0,
0.0,16400000.0,2018-05-14,53,1.8334,7.0,
0.0,10300000.0,2018-05-14,53,1.8334,7.0,
0.0,16400000.0,2018-05-14,53,1.8334,7.0,
0.0,12700000.0,2018-05-14,53,1.8334,7.0,
21300000.0,0.0,2018-06-13,83,2.0888,12.0,
0.0,204700000.0,2018-06-15,85,2.1245,13.0,
115000000.0,0.0,2018-06-11,81,1.7225,6.0,
20900000.0,0.0,2018-04-23,32,1.7447,6.0,
50000000.0,0.0,2018-04-26,35,1.7525,6.0,
20900000.0,0.0,2018-04-26,35,1.7525,6.0,
0.0,20900000.0,2018-04-30,39,1.7723,8.0,
0.0,16700000.0,2018-04-30,39,1.7723,8.0,
18800000.0,0.0,2018-04-30,39,1.7723,8.0,
75000000.0,0.0,2018-04-30,39,1.7723,8.0,
0.0,54800000.0,2018-05-01,40,1.7734,8.0,
50300000.0,0.0,2018-05-01,40,1.7734,8.0,
0.0,10400000.0,2018-05-03,42,1.787,8.0,
0.0,10000000.0,2018-05-03,42,1.787,8.0,
0.0,50700000.0,2018-05-03,42,1.787,8.0,
0.0,10000000.0,2018-05-03,42,1.787,8.0,
0.0,11000000.0,2018-05-03,42,1.787,8.0,
10000000.0,0.0,2018-05-08,47,1.7935,8.0,
10900000.0,0.0,2018-05-11,50,1.8105,8.0,
20000000.0,0.0,2018-06-13,83,2.0888,12.0,
20800000.0,0.0,2018-05-14,53,1.8334,7.0,
10000000.0,0.0,2018-05-14,53,1.8334,7.0,
0.0,10000000.0,2018-05-14,53,1.8334,7.0,
52100000.0,0.0,2018-05-15,54,1.8388,7.0,
10000000.0,0.0,2018-05-17,56,1.8849,8.0,
10300000.0,0.0,2018-05-22,61,1.9039,8.0,
0.0,10300000.0,2018-05-23,62,1.9198,8.0,
8300000.0,0.0,2018-05-25,64,1.9436,9.0,
6200000.0,0.0,2018-05-25,64,1.9436,9.0,
0.0,109000000.0,2018-05-29,68,1.9842,9.0,
10300000.0,0.0,2018-06-01,71,2.0063,10.0,
0.0,207000000.0,2018-06-05,75,2.0246,10.0,
0.0,20700000.0,2018-06-06,76,2.0252,10.0,
20700000.0,0.0,2018-06-06,76,2.0252,10.0,
10000000.0,0.0,2018-06-07,77,2.0349,10.0,
12400000.0,0.0,2018-06-07,77,2.0349,10.0,
160000000.0,0.0,2018-05-15,54,1.8388,8.0,
0.0,20000000.0,2018-06-12,82,2.0714,12.0,
160000000.0,0.0,2018-05-15,54,1.8388,8.0,
0.0,41500000.0,2018-06-14,84,2.1069,13.0,
0.0,12400000.0,2018-06-14,84,2.1069,13.0,
0.0,102700000.0,2018-06-15,85,2.1245,13.0,
0.0,12800000.0,2018-06-18,88,2.145,14.0,
0.0,109200000.0,2018-06-18,88,2.145,14.0,
0.0,100000000.0,2018-06-18,88,2.145,14.0,
10400000.0,0.0,2018-06-19,89,2.1775,14.0,
76000000.0,0.0,2018-06-19,89,2.1775,14.0,
12000000.0,0.0,2018-05-18,57,1.8849,8.0,
0.0,4800000.0,2018-04-30,39,1.7603,6.0,
55000000.0,0.0,2018-05-09,48,1.7999,8.0,
0.0,340000000.0,2018-05-09,48,1.7999,8.0,
31411.22,0.0,2018-05-16,55,2.136,14.0,
10000000.0,0.0,2018-04-23,32,1.7445,6.0,
10000000.0,0.0,2018-04-23,32,1.7445,6.0,
54800000.0,0.0,2018-04-24,33,1.7413,6.0,
0.0,24900000.0,2018-04-25,34,1.7452,6.0,
0.0,20700000.0,2018-04-25,34,1.7452,6.0,
0.0,31500000.0,2018-04-26,35,1.7525,6.0,
0.0,27300000.0,2018-04-26,35,1.7525,6.0,
0.0,75000000.0,2018-04-26,35,1.7525,6.0,
54800000.0,0.0,2018-04-27,36,1.7603,6.0,
13000000.0,0.0,2018-04-27,36,1.7603,6.0,
7000000.0,0.0,2018-04-27,36,1.7603,6.0,
51900000.0,0.0,2018-04-27,36,1.7603,6.0,
0.0,27400000.0,2018-04-27,36,1.7603,6.0,
0.0,10000000.0,2018-04-30,39,1.7669,6.0,
18900000.0,0.0,2018-04-30,39,1.7669,6.0,
7600000.0,0.0,2018-04-30,39,1.7669,6.0,
0.0,1200000.0,2018-04-30,39,1.7669,6.0,
0.0,10000000.0,2018-04-30,39,1.7669,6.0,
12000000.0,0.0,2018-04-30,39,1.7723,8.0,
0.0,10000000.0,2018-05-08,47,1.789,8.0,
109400000.0,0.0,2018-05-08,47,1.789,8.0,
0.0,85000000.0,2018-05-29,68,1.9436,9.0,
0.0,22500000.0,2018-05-16,55,1.85,7.0,
53100000.0,0.0,2018-05-16,55,1.85,7.0,
0.0,21200000.0,2018-05-16,55,1.85,7.0,
21200000.0,0.0,2018-05-16,55,1.85,7.0,
0.0,45300000.0,2018-05-22,61,1.9039,8.0,
53100000.0,0.0,2018-05-22,61,1.9039,8.0,
28300000.0,0.0,2018-05-29,68,1.9436,9.0,
0.0,25500000.0,2018-05-29,68,1.9842,9.0,
106500000.0,0.0,2018-06-04,74,2.0172,10.0,
100000000.0,0.0,2018-06-04,74,2.0172,10.0,
150000000.0,0.0,2018-06-04,74,2.0172,10.0,
0.0,21300000.0,2018-06-05,75,2.0246,10.0,
0.0,21300000.0,2018-06-08,78,2.0473,11.0,
106500000.0,0.0,2018-06-15,85,2.1245,13.0,
15000000.0,0.0,2018-05-08,47,1.7907,8.0,
0.0,50000000.0,2018-05-14,53,1.8105,7.0,
0.0,12500000.0,2018-05-21,60,1.8849,8.0,
0.0,14500000.0,2018-05-22,61,1.9039,8.0,
0.0,10400000.0,2018-05-22,61,1.9039,8.0,
38600000.0,0.0,2018-05-22,61,1.9039,8.0,
10400000.0,0.0,2018-05-22,61,1.9039,8.0,
80000000.0,0.0,2018-05-15,54,1.8388,7.0,
10500000.0,0.0,2018-05-24,63,1.9436,9.0,
0.0,8300000.0,2018-05-24,63,1.9436,9.0,
11000000.0,0.0,2018-05-24,63,1.9436,9.0,
303100000.0,0.0,2018-05-25,64,1.9436,12.0,
0.0,10400000.0,2018-06-01,71,2.0063,10.0,
0.0,100000000.0,2018-06-04,74,2.0172,10.0,
10000000.0,0.0,2018-06-05,75,2.0246,10.0,
0.0,87921000.0,2018-06-18,88,2.31,16.0,
56400000.0,0.0,2018-05-14,53,1.8105,7.0,
0.0,1000000.0,2018-04-27,36,1.7603,6.0,
9400000.0,0.0,2018-04-27,36,1.7603,6.0,
12200000.0,0.0,2018-04-27,36,1.7603,6.0,
0.0,210000000.0,2018-04-27,36,1.7603,6.0,
0.0,20000000.0,2018-04-30,39,1.7669,6.0,
0.0,27000000.0,2018-04-30,39,1.7723,8.0,
0.0,20000000.0,2018-05-02,41,1.7778,8.0,
9000000.0,0.0,2018-05-02,41,1.7778,8.0,
106300000.0,0.0,2018-05-03,42,1.787,8.0,
50000000.0,0.0,2018-05-08,47,1.7907,8.0,
0.0,25000000.0,2018-05-10,49,1.8105,8.0,
0.0,47500000.0,2018-05-14,53,1.8334,7.0,
0.0,13600000.0,2018-05-14,53,1.8334,7.0,
20000000.0,0.0,2018-05-14,53,1.8334,7.0,
104400000.0,0.0,2018-05-16,55,1.85,7.0,
0.0,11000000.0,2018-05-17,56,1.8725,8.0,
0.0,11000000.0,2018-05-21,60,1.8849,8.0,
104900000.0,0.0,2018-05-21,60,1.8849,8.0,
0.0,21000000.0,2018-05-21,60,1.8921,8.0,
0.0,11000000.0,2018-05-22,61,1.9039,8.0,
11000000.0,0.0,2018-05-22,61,1.9039,8.0,
47500000.0,0.0,2018-05-24,63,1.9436,9.0,
20900000.0,0.0,2018-05-24,63,1.9436,9.0,
0.0,50000000.0,2018-05-29,68,1.9842,9.0,
0.0,41000000.0,2018-05-15,54,1.9604,9.0,
22000000.0,0.0,2018-06-01,71,2.0063,10.0,
0.0,100000000.0,2018-06-04,74,2.0246,10.0,
0.0,30000000.0,2018-06-04,74,2.0246,10.0,
5000000.0,0.0,2018-06-04,74,2.0246,10.0,
11000000.0,0.0,2018-06-06,76,2.0252,10.0,
0.0,55400000.0,2018-06-06,76,2.0252,10.0,
0.0,67000000.0,2018-06-06,76,2.0252,10.0,
0.0,27200000.0,2018-06-07,77,2.0349,10.0,
61300000.0,0.0,2018-06-07,77,2.0349,10.0,
0.0,100000000.0,2018-06-07,77,2.0349,10.0,
0.0,39000000.0,2018-06-08,78,2.0473,11.0,
0.0,100000000.0,2018-06-08,78,2.0473,11.0,
11000000.0,0.0,2018-06-11,81,2.0714,12.0,
0.0,12000000.0,2018-06-11,81,2.0714,12.0,
0.0,250000000.0,2018-06-13,83,2.0888,12.0,
0.0,21100000.0,2018-06-18,88,2.1775,14.0,
0.0,81582000.0,2018-05-15,54,1.9604,9.0,
1100000.0,0.0,2018-04-24,33,1.7413,6.0,
56200000.0,0.0,2018-04-24,33,1.7413,6.0,
0.0,106000000.0,2018-04-24,33,1.7413,6.0,
0.0,12300000.0,2018-04-30,39,1.7603,6.0,
0.0,28700000.0,2018-04-30,39,1.7603,6.0,
21200000.0,0.0,2018-04-30,39,1.7603,6.0,
0.0,71600000.0,2018-04-30,39,1.7723,8.0,
41000000.0,0.0,2018-05-15,54,1.9604,9.0,
7800000.0,0.0,2018-04-30,39,1.7603,6.0,
0.0,17900000.0,2018-05-16,55,1.85,7.0,
0.0,16500000.0,2018-05-16,55,1.85,7.0,
0.0,132500000.0,2018-05-16,55,1.85,7.0,
0.0,101500000.0,2018-05-17,56,1.6181,6.0,
10300000.0,0.0,2018-05-18,57,1.8849,8.0,
20700000.0,0.0,2018-05-22,61,1.9039,8.0,
108500000.0,0.0,2018-05-22,61,1.9039,8.0,
0.0,23100000.0,2018-05-23,62,1.9198,8.0,
16500000.0,0.0,2018-05-25,64,1.9436,9.0,
6200000.0,0.0,2018-05-25,64,1.9436,9.0,
207000000.0,0.0,2018-05-29,68,1.9842,11.0,
24800000.0,0.0,2018-05-30,69,1.9842,9.0,
0.0,31000000.0,2018-06-01,71,2.0063,10.0,
18600000.0,0.0,2018-06-04,74,2.0172,10.0,
50000000.0,0.0,2018-06-05,75,2.0246,10.0,
16600000.0,0.0,2018-06-07,77,2.0349,10.0,
79000000.0,0.0,2018-05-15,54,1.8388,7.0,
54500000.0,0.0,2018-06-07,77,2.0349,10.0,
0.0,301500000.0,2018-06-08,78,2.0473,11.0,
15000000.0,0.0,2018-06-12,82,2.0714,12.0,
0.0,31200000.0,2018-06-19,89,2.1775,14.0,
21300000.0,0.0,2018-06-21,91,2.2225,15.0,
230000000.0,0.0,2018-06-11,81,2.0573,12.0,
0.0,14400000.0,2018-06-08,78,2.0473,11.0,
10300000.0,0.0,2018-06-11,81,2.0714,12.0,
20600000.0,0.0,2018-06-11,81,2.0714,12.0,
12400000.0,0.0,2018-06-21,91,2.2225,15.0,
20500000.0,0.0,2018-04-23,32,1.7447,6.0,
14300000.0,0.0,2018-04-23,32,1.7445,6.0,
0.0,14300000.0,2018-04-30,39,1.7603,6.0,
10300000.0,0.0,2018-05-03,42,1.787,8.0,
26800000.0,0.0,2018-05-04,43,1.787,8.0,
10800000.0,0.0,2018-05-04,43,1.787,8.0,
34700000.0,0.0,2018-05-10,49,1.8105,8.0,
20600000.0,0.0,2018-05-16,55,1.85,7.0,
0.0,14400000.0,2018-05-17,56,1.8849,8.0,
0.0,10300000.0,2018-06-04,74,2.0172,10.0,
10300000.0,0.0,2018-06-07,77,2.0349,10.0,
10300000.0,0.0,2018-06-07,77,2.0349,10.0,
0.0,12400000.0,2018-06-08,78,2.0473,11.0,
10300000.0,0.0,2018-06-14,84,2.1069,13.0,
0.0,10300000.0,2018-06-15,85,2.1245,13.0,
12000000.0,0.0,2018-06-18,88,2.1775,14.0,
10900000.0,0.0,2018-05-18,57,1.8849,8.0,
95400000.0,0.0,2018-05-21,60,1.8921,8.0,
20800000.0,0.0,2018-05-22,61,1.9039,8.0,
10400000.0,0.0,2018-05-17,56,1.8849,8.0,
95500000.0,0.0,2018-05-22,61,1.9039,8.0,
0.0,2700000.0,2018-05-22,61,1.9039,8.0,
0.0,5000000.0,2018-05-25,64,1.9436,9.0,
0.0,5000000.0,2018-05-25,64,1.9436,9.0,
0.0,174800000.0,2018-05-30,69,1.9842,9.0,
0.0,34100000.0,2018-06-01,71,2.0063,10.0,
0.0,41800000.0,2018-06-01,71,2.0063,10.0,
0.0,43400000.0,2018-06-07,77,2.0349,10.0,
0.0,24900000.0,2018-06-11,81,2.0714,12.0,
10400000.0,0.0,2018-06-12,82,2.0714,12.0,
119700000.0,0.0,2018-05-15,54,1.8388,7.0,
7700000.0,0.0,2018-06-13,83,2.0888,12.0,
200500000.0,0.0,2018-06-18,88,2.1775,1.0,
0.0,27000000.0,2018-06-18,88,2.1775,14.0,
120300000.0,0.0,2018-05-15,54,1.8388,7.0,
15500000.0,0.0,2018-06-21,91,2.2225,15.0,
240700000.0,0.0,2018-05-21,60,1.8849,10.0,
10400000.0,0.0,2018-05-22,61,1.9039,8.0,
0.0,10000000.0,2018-05-23,62,1.9198,8.0,
16800000.0,0.0,2018-04-23,32,1.7445,6.0,
50000000.0,0.0,2018-05-02,41,1.7734,8.0,
0.0,18000000.0,2018-05-09,48,1.7999,8.0,
0.0,22531.93,2018-05-18,57,2.035,11.0,
0.0,31540.6,2018-05-18,57,2.04,11.0,
0.0,11219.09,2018-05-23,62,2.07,12.0,
0.0,22743.97,2018-04-23,32,2.196,1.0,
0.0,53359.31,2018-04-24,33,2.75,18.0,
26598.02,0.0,2018-04-30,39,2.75,18.0,
26524.42,0.0,2018-05-08,47,2.75,18.0,
0.0,26524.42,2018-05-08,47,2.75,1.0,
0.0,8918.16,2018-05-21,60,3.0,1.0,
0.0,9673.1,2018-05-29,68,3.0,1.0,
0.0,10273.31,2018-06-05,75,3.0,1.0,
0.0,11271.33,2018-06-19,89,3.0,1.0,
8842.28,0.0,2018-05-21,60,2.85,18.0,
7700000.0,0.0,2018-05-18,57,1.8849,8.0,
0.0,7700000.0,2018-05-18,57,1.8849,8.0,
0.0,5200000.0,2018-05-18,57,1.8849,8.0,
0.0,10000000.0,2018-05-22,61,1.9039,8.0,
47800000.0,0.0,2018-05-22,61,1.9039,8.0,
0.0,50000000.0,2018-05-22,61,1.9039,8.0,
5000000.0,0.0,2018-05-24,63,1.9436,9.0,
0.0,28600000.0,2018-05-30,69,1.9842,9.0,
151200000.0,0.0,2018-05-30,69,1.9842,9.0,
41600000.0,0.0,2018-05-30,69,1.9842,9.0,
41600000.0,0.0,2018-05-30,69,1.9842,9.0,
119600000.0,0.0,2018-06-01,71,2.0063,10.0,
0.0,119000000.0,2018-05-15,54,1.8388,7.0,
0.0,27100000.0,2018-06-12,82,2.0714,12.0,
4200000.0,0.0,2018-06-13,83,2.0888,12.0,
40100000.0,0.0,2018-06-18,88,2.1775,14.0,
0.0,50000000.0,2018-04-25,34,1.7452,6.0,
50900000.0,0.0,2018-05-10,49,1.8105,8.0,
0.0,20500000.0,2018-06-08,78,2.0473,11.0,
0.0,5100000.0,2018-06-14,84,2.1069,13.0,
6100000.0,0.0,2018-06-14,84,2.1069,13.0,
10300000.0,0.0,2018-06-18,88,2.1775,14.0,
100000000.0,0.0,2018-04-27,36,1.7603,6.0,
0.0,50000000.0,2018-05-26,65,1.056,2.0,
0.0,40000000.0,2018-05-31,70,2.5394,17.0,
20500000.0,0.0,2018-04-25,34,1.7452,6.0,
0.0,20400000.0,2018-04-26,35,1.7525,6.0,
10200000.0,0.0,2018-04-26,35,1.7525,6.0,
10200000.0,0.0,2018-04-30,39,1.7603,6.0,
10200000.0,0.0,2018-04-30,39,1.7723,8.0,
0.0,6400000.0,2018-04-30,39,1.7723,8.0,
0.0,13100000.0,2018-05-01,40,1.7734,8.0,
0.0,15900000.0,2018-05-01,40,1.7734,8.0,
23400000.0,0.0,2018-05-01,40,1.7734,8.0,
29600000.0,0.0,2018-05-01,40,1.7734,8.0,
48600000.0,0.0,2018-05-01,40,1.7734,8.0,
10200000.0,0.0,2018-05-03,42,1.787,8.0,
0.0,10200000.0,2018-05-03,42,1.787,8.0,
12300000.0,0.0,2018-05-03,42,1.787,8.0,
0.0,30700000.0,2018-05-03,42,1.787,8.0,
0.0,500000000.0,2018-05-04,43,1.787,8.0,
0.0,40900000.0,2018-05-04,43,1.787,8.0,
6200000.0,0.0,2018-05-10,49,1.8105,8.0,
10200000.0,0.0,2018-05-14,53,1.8334,7.0,
14300000.0,0.0,2018-05-14,53,1.8334,7.0,
0.0,16400000.0,2018-05-14,53,1.8334,7.0,
0.0,10300000.0,2018-05-14,53,1.8334,7.0,
0.0,10000000.0,2018-05-08,47,1.7935,8.0,
0.0,10000000.0,2018-05-08,47,1.7935,8.0,
31200000.0,0.0,2018-05-08,47,1.7935,8.0,
0.0,14500000.0,2018-05-10,49,1.8105,8.0,
6000000.0,0.0,2018-05-14,53,1.82,7.0,
12500000.0,0.0,2018-05-15,54,1.8388,7.0,
10000000.0,0.0,2018-05-16,55,1.85,7.0,
5000000.0,0.0,2018-05-16,55,1.85,7.0,
6000000.0,0.0,2018-05-16,55,1.85,7.0,
10000000.0,0.0,2018-05-17,56,1.8849,8.0,
0.0,10000000.0,2018-05-21,60,1.8921,8.0,
0.0,15000000.0,2018-05-21,60,1.8921,8.0,
0.0,10000000.0,2018-05-21,60,1.8921,8.0,
16600000.0,0.0,2018-05-23,62,1.9198,8.0,
10000000.0,0.0,2018-05-23,62,1.9198,8.0,
31200000.0,0.0,2018-05-24,63,1.9436,9.0,
0.0,20800000.0,2018-05-24,63,1.9436,9.0,
0.0,10400000.0,2018-05-29,68,1.9563,9.0,
10400000.0,0.0,2018-06-01,71,2.0063,10.0,
0.0,10000000.0,2018-06-04,74,2.0172,10.0,
31300000.0,0.0,2018-06-04,74,2.0246,10.0,
20800000.0,0.0,2018-06-04,74,2.0172,10.0,
20000000.0,0.0,2018-06-04,74,2.0246,10.0,
151000000.0,0.0,2018-06-04,74,2.0246,10.0,
60543482.51,0.0,2018-06-04,74,2.0246,10.0,
0.0,10000000.0,2018-06-06,76,2.0252,10.0,
10400000.0,0.0,2018-06-06,76,2.0252,10.0,
5300000.0,0.0,2018-06-07,77,2.0349,10.0,
0.0,104400000.0,2018-06-08,78,2.0473,11.0,
10000000.0,0.0,2018-06-11,81,2.0573,12.0,
0.0,10000000.0,2018-06-11,81,2.0573,12.0,
26000000.0,0.0,2018-06-07,77,2.0349,10.0,
0.0,104400000.0,2018-06-11,81,2.0714,12.0,
18800000.0,0.0,2018-06-13,83,2.0888,12.0,
0.0,10500000.0,2018-06-13,83,2.0888,12.0,
10000000.0,0.0,2018-06-13,83,2.0888,12.0,
0.0,16700000.0,2018-06-14,84,2.1069,13.0,
0.0,10000000.0,2018-06-14,84,2.1069,13.0,
0.0,10000000.0,2018-06-14,84,2.1069,13.0,
0.0,8000000.0,2018-06-18,88,2.145,14.0,
0.0,81000000.0,2018-05-15,54,1.8388,7.0,
31400000.0,0.0,2018-06-18,88,2.145,14.0,
0.0,12000000.0,2018-06-19,89,2.1775,14.0,
0.0,20900000.0,2018-06-18,88,2.1775,14.0,
14600000.0,0.0,2018-06-20,90,2.2018,15.0,
0.0,208800000.0,2018-06-20,90,2.2018,15.0,
110300000.0,0.0,2018-06-20,90,2.2018,15.0,
261500000.0,0.0,2018-04-30,39,0.8495,1.0,
82000000.0,0.0,2018-05-15,54,0.98,2.0,
106100000.0,0.0,2018-05-01,40,1.7734,8.0,
6400000.0,0.0,2018-05-01,40,1.7734,8.0,
183500000.0,0.0,2018-05-02,41,1.7778,1.0,
0.0,10300000.0,2018-04-30,39,1.7603,6.0,
20600000.0,0.0,2018-04-30,39,1.7723,8.0,
0.0,90000000.0,2018-04-30,39,1.7723,8.0,
0.0,27400000.0,2018-05-03,42,1.787,8.0,
0.0,20600000.0,2018-05-08,47,1.787,8.0,
10300000.0,0.0,2018-05-08,47,1.7935,8.0,
14400000.0,0.0,2018-05-08,47,1.7935,8.0,
0.0,10300000.0,2018-05-10,49,1.8105,8.0,
0.0,10300000.0,2018-05-14,53,1.8334,7.0,
0.0,20600000.0,2018-05-24,63,1.9436,9.0,
14400000.0,0.0,2018-05-29,68,1.9436,9.0,
0.0,14400000.0,2018-05-29,68,1.9436,9.0,
0.0,78491509.05,2018-05-31,70,1.9842,9.0,
10300000.0,0.0,2018-05-29,68,1.9563,9.0,
10300000.0,0.0,2018-06-01,71,2.0063,10.0,
10300000.0,0.0,2018-06-01,71,2.0063,10.0,
0.0,14400000.0,2018-06-04,74,2.0172,10.0,
14400000.0,0.0,2018-06-04,74,2.0172,10.0,
0.0,10300000.0,2018-06-04,74,2.0172,10.0,
200000000.0,0.0,2018-06-04,74,2.0246,10.0,
0.0,10300000.0,2018-06-08,78,2.0473,11.0,
20600000.0,0.0,2018-06-11,81,2.0714,12.0,
10300000.0,0.0,2018-06-11,81,2.0714,12.0,
0.0,14400000.0,2018-06-14,84,2.1069,13.0,
0.0,10300000.0,2018-06-18,88,2.145,14.0,
0.0,14300000.0,2018-04-30,39,1.7603,6.0,
0.0,10800000.0,2018-05-02,41,1.7778,8.0,
0.0,14100000.0,2018-05-04,43,1.787,8.0,
0.0,20500000.0,2018-05-04,43,1.787,8.0,
20600000.0,0.0,2018-05-14,53,1.8105,7.0,
0.0,10900000.0,2018-05-16,55,1.85,7.0,
10400000.0,0.0,2018-05-16,55,1.85,7.0,
0.0,5400000.0,2018-05-17,56,1.8849,8.0,
0.0,10300000.0,2018-06-04,74,2.0246,10.0,
6000000.0,0.0,2018-06-07,77,2.0349,10.0,
0.0,10300000.0,2018-06-08,78,2.0473,11.0,
0.0,16500000.0,2018-06-11,81,2.0714,12.0,
0.0,6000000.0,2018-06-11,81,2.0714,12.0,
12400000.0,0.0,2018-06-14,84,2.1069,13.0,
12400000.0,0.0,2018-06-18,88,2.145,14.0,
20500000.0,0.0,2018-04-23,32,1.7447,6.0,
67300000.0,0.0,2018-05-21,60,1.8849,8.0,
0.0,5000000.0,2018-06-11,81,2.0714,12.0,
8200000.0,0.0,2018-06-14,84,2.1069,13.0,
0.0,12300000.0,2018-06-15,85,2.1245,13.0,
0.0,10300000.0,2018-06-18,88,2.145,14.0,
15300000.0,0.0,2018-06-18,88,2.1775,14.0,
8200000.0,0.0,2018-06-18,88,2.1775,14.0,
0.0,50000000.0,2018-05-08,47,1.789,8.0,
0.0,130000000.0,2018-04-23,32,1.7447,6.0,
0.0,26400000.0,2018-05-10,49,1.8105,8.0,
65000000.0,0.0,2018-06-15,85,2.1245,13.0,
140000000.0,0.0,2018-06-14,84,2.1069,13.0,
0.0,50000000.0,2018-05-09,48,1.7999,8.0,
115000000.0,0.0,2018-05-09,48,1.7999,8.0,
16000000.0,0.0,2018-04-23,32,1.7447,6.0,
0.0,22000000.0,2018-04-25,34,1.7452,6.0,
0.0,15000000.0,2018-04-30,39,1.7669,6.0,
245000000.0,0.0,2018-05-31,70,1.9842,12.0,
163000000.0,0.0,2018-05-21,60,1.8849,9.0,
10000000.0,0.0,2018-04-23,32,1.7445,6.0,
0.0,54700000.0,2018-04-24,33,1.7413,6.0,
10000000.0,0.0,2018-04-24,33,1.7413,6.0,
22800000.0,0.0,2018-04-24,33,1.7413,6.0,
0.0,104000000.0,2018-04-24,33,1.7413,6.0,
0.0,12500000.0,2018-04-25,34,1.7452,6.0,
0.0,52000000.0,2018-04-25,34,1.7452,6.0,
0.0,104000000.0,2018-04-27,36,1.7603,6.0,
14000000.0,0.0,2018-04-27,36,1.7603,6.0,
0.0,52000000.0,2018-04-27,36,1.7603,6.0,
11000000.0,0.0,2018-04-30,39,1.7669,6.0,
0.0,2500000.0,2018-04-30,39,1.7669,6.0,
1000000.0,0.0,2018-04-30,39,1.7669,6.0,
200000000.0,0.0,2018-04-23,32,1.7447,6.0,
0.0,26000000.0,2018-05-21,60,1.8849,8.0,
20000000.0,0.0,2018-05-23,62,1.9198,8.0,
10200000.0,0.0,2018-06-14,84,2.1069,13.0,
0.0,6100000.0,2018-06-14,84,2.1069,13.0,
12300000.0,0.0,2018-06-15,85,2.1245,13.0,
0.0,8200000.0,2018-06-18,88,2.145,14.0,
0.0,50000000.0,2018-05-24,63,1.03,1.0,
0.0,11100000.0,2018-05-01,40,1.7734,8.0,
0.0,17000000.0,2018-05-16,55,1.85,7.0,
0.0,97000000.0,2018-05-21,60,1.8849,8.0,
0.0,60000000.0,2018-05-22,61,1.9039,8.0,
20000000.0,0.0,2018-06-05,75,2.0246,10.0,
0.0,34000000.0,2018-06-05,75,2.0246,10.0,
22000000.0,0.0,2018-04-30,39,1.7603,6.0,
4500000.0,0.0,2018-05-04,43,1.787,8.0,
2100000.0,0.0,2018-05-08,47,1.787,8.0,
0.0,12400000.0,2018-05-08,47,1.787,8.0,
27500000.0,0.0,2018-05-15,54,1.8388,7.0,
54900000.0,0.0,2018-06-08,78,2.0473,11.0,
0.0,12800000.0,2018-06-11,81,2.0714,12.0,
0.0,16300000.0,2018-04-23,32,1.7445,6.0,
10200000.0,0.0,2018-04-23,32,1.7445,6.0,
20500000.0,0.0,2018-04-24,33,1.7413,6.0,
21000000.0,0.0,2018-04-27,36,1.5622,5.0,
102600000.0,0.0,2018-04-27,36,1.7603,6.0,
0.0,55000000.0,2018-06-15,85,2.1245,13.0,
0.0,72100000.0,2018-06-15,85,2.1245,13.0,
0.0,90000000.0,2018-06-04,74,1.668,6.0,
0.0,80000000.0,2018-06-04,74,1.668,6.0,
10300000.0,0.0,2018-04-26,35,1.7525,6.0,
11300000.0,0.0,2018-04-30,39,1.7603,6.0,
20500000.0,0.0,2018-05-04,43,1.787,8.0,
20500000.0,0.0,2018-05-04,43,1.787,8.0,
12700000.0,0.0,2018-05-08,47,1.787,8.0,
10200000.0,0.0,2018-05-08,47,1.787,8.0,
10300000.0,0.0,2018-05-08,47,1.789,8.0,
0.0,10300000.0,2018-05-10,49,1.8105,8.0,
10300000.0,0.0,2018-05-10,49,1.8105,8.0,
10300000.0,0.0,2018-05-14,53,1.8105,7.0,
38300000.0,0.0,2018-05-17,56,1.8849,8.0,
0.0,52000000.0,2018-05-23,62,1.9198,8.0,
0.0,10300000.0,2018-05-23,62,1.9198,8.0,
0.0,27000000.0,2018-06-04,74,2.0172,10.0,
0.0,2910881.55,2018-05-29,68,7.75,1.0,
0.0,5418259.76,2018-04-30,39,3.723,1.0,
0.0,630619.9,2018-04-30,39,9.125,1.0,
678172.92,0.0,2018-05-29,68,6.875,19.0,
0.0,851826.28,2018-05-29,68,6.875,19.0,
0.0,375731.11,2018-04-27,36,3.0,1.0,
0.0,905331.69,2018-04-27,36,3.0,1.0,
41600000.0,0.0,2018-05-03,42,1.787,8.0,
0.0,31200000.0,2018-05-08,47,1.789,8.0,
0.0,151400000.0,2018-05-08,47,1.789,8.0,
180000000.0,0.0,2018-06-18,88,2.1775,14.0,
75000000.0,0.0,2018-05-08,47,1.7935,8.0,
0.0,10000000.0,2018-05-08,47,1.7907,8.0,
15000000.0,0.0,2018-05-09,48,1.7999,8.0,
54700000.0,0.0,2018-05-09,48,1.7999,8.0,
0.0,15000000.0,2018-05-10,49,1.8105,8.0,
10000000.0,0.0,2018-05-14,53,1.82,7.0,
20800000.0,0.0,2018-05-14,53,1.8334,7.0,
20800000.0,0.0,2018-05-14,53,1.82,7.0,
10000000.0,0.0,2018-05-14,53,1.82,7.0,
15000000.0,0.0,2018-05-15,54,1.8388,7.0,
10000000.0,0.0,2018-05-15,54,1.8388,7.0,
7000000.0,0.0,2018-05-16,55,1.85,7.0,
10000000.0,0.0,2018-05-16,55,1.85,7.0,
10000000.0,0.0,2018-05-17,56,1.8849,8.0,
10000000.0,0.0,2018-05-17,56,1.8849,8.0,
208200000.0,0.0,2018-05-21,60,1.8921,1.0,
10000000.0,0.0,2018-05-21,60,1.8921,8.0,
0.0,50000000.0,2018-05-21,60,1.8921,8.0,
0.0,10000000.0,2018-05-21,60,1.8921,8.0,
10400000.0,0.0,2018-05-23,62,1.9198,8.0,
0.0,20800000.0,2018-05-23,62,1.9198,8.0,
0.0,10400000.0,2018-05-24,63,1.9436,9.0,
0.0,16600000.0,2018-05-29,68,1.9842,9.0,
31300000.0,0.0,2018-06-04,74,2.0172,10.0,
10000000.0,0.0,2018-06-04,74,2.0246,10.0,
0.0,116900000.0,2018-06-04,74,2.0246,10.0,
0.0,10400000.0,2018-06-04,74,2.0246,10.0,
0.0,164000000.0,2018-06-04,74,2.0246,10.0,
20130000.0,0.0,2018-06-04,74,2.0246,10.0,
0.0,107067637.1,2018-06-04,74,2.0246,10.0,
6100000.0,0.0,2018-06-04,74,2.0246,10.0,
10400000.0,0.0,2018-06-06,76,2.0252,10.0,
10400000.0,0.0,2018-06-07,77,2.0349,10.0,
20900000.0,0.0,2018-06-07,77,2.0349,10.0,
0.0,25100000.0,2018-06-08,78,2.0473,11.0,
55100000.0,0.0,2018-06-08,78,2.0473,11.0,
0.0,161000000.0,2018-05-15,54,1.8388,7.0,
0.0,10000000.0,2018-06-11,81,2.0573,12.0,
55300000.0,0.0,2018-06-11,81,2.0714,12.0,
55200000.0,0.0,2018-06-11,81,2.0714,12.0,
20900000.0,0.0,2018-06-11,81,2.0714,12.0,
1400000.0,0.0,2018-06-13,83,2.0888,12.0,
50000000.0,0.0,2018-06-13,83,2.0888,12.0,
126000000.0,0.0,2018-06-13,83,2.0888,12.0,
10000000.0,0.0,2018-06-14,84,2.1069,13.0,
10000000.0,0.0,2018-06-14,84,2.1069,13.0,
0.0,10000000.0,2018-06-15,85,2.1245,13.0,
0.0,20900000.0,2018-06-15,85,2.1245,13.0,
20900000.0,0.0,2018-06-15,85,2.1245,13.0,
12000000.0,0.0,2018-06-18,88,2.145,14.0,
10000000.0,0.0,2018-06-18,88,2.145,14.0,
0.0,30000000.0,2018-06-18,88,2.145,14.0,
200000000.0,0.0,2018-06-18,88,2.145,1.0,
0.0,20900000.0,2018-06-20,90,2.2018,15.0,
10400000.0,0.0,2018-04-23,32,1.7445,6.0,
10000000.0,0.0,2018-04-23,32,1.7445,6.0,
0.0,10400000.0,2018-04-24,33,1.7413,6.0,
0.0,38600000.0,2018-04-24,33,1.7413,6.0,
15100000.0,0.0,2018-04-27,36,1.7603,6.0,
20800000.0,0.0,2018-04-26,35,1.7525,6.0,
0.0,52100000.0,2018-04-27,36,1.7603,6.0,
0.0,10000000.0,2018-04-30,39,1.7669,6.0,
17200000.0,0.0,2018-04-30,39,1.7669,6.0,
0.0,10000000.0,2018-04-30,39,1.7669,6.0,
5600000.0,0.0,2018-04-30,39,1.7669,6.0,
25000000.0,0.0,2018-04-30,39,1.7603,6.0,
10000000.0,0.0,2018-04-30,39,1.7669,6.0,
0.0,20800000.0,2018-04-30,39,1.7669,6.0,
0.0,10000000.0,2018-04-30,39,1.7723,8.0,
0.0,75000000.0,2018-05-01,40,1.7734,8.0,
0.0,16600000.0,2018-05-02,41,1.7778,8.0,
10000000.0,0.0,2018-05-03,42,1.787,8.0,
0.0,20400000.0,2018-06-15,85,2.1245,13.0,
70000000.0,0.0,2018-06-15,85,2.3375,16.0,
0.0,204000000.0,2018-06-19,89,2.1775,14.0,
0.0,10200000.0,2018-06-19,89,2.1775,14.0,
0.0,20400000.0,2018-06-20,90,2.2018,15.0,
14300000.0,0.0,2018-06-20,90,2.2018,15.0,
20400000.0,0.0,2018-06-01,71,2.0063,10.0,
0.0,30600000.0,2018-06-04,74,2.0246,10.0,
0.0,29250000.0,2018-04-30,39,1.7603,6.0,
0.0,103000000.0,2018-06-11,81,2.0714,12.0,
10200000.0,0.0,2018-04-23,32,1.7447,6.0,
10200000.0,0.0,2018-04-25,34,1.7452,6.0,
0.0,10200000.0,2018-04-25,34,1.7452,6.0,
30500000.0,0.0,2018-04-30,39,1.7603,6.0,
0.0,12200000.0,2018-04-30,39,1.7603,6.0,
100000000.0,0.0,2018-05-11,50,1.8105,8.0,
0.0,14300000.0,2018-05-14,53,1.8105,7.0,
0.0,10200000.0,2018-05-16,55,1.85,7.0,
6300000.0,0.0,2018-05-18,57,1.8849,8.0,
4400000.0,0.0,2018-05-22,61,1.9039,8.0,
6300000.0,0.0,2018-05-31,70,1.9842,9.0,
0.0,14300000.0,2018-06-01,71,2.0063,10.0,
14300000.0,0.0,2018-06-06,76,2.0252,10.0,
8500000.0,0.0,2018-06-06,76,2.0252,10.0,
20800000.0,0.0,2018-05-08,47,1.789,8.0,
6200000.0,0.0,2018-05-08,47,1.7935,8.0,
0.0,12500000.0,2018-05-08,47,1.7907,8.0,
10000000.0,0.0,2018-05-08,47,1.7907,8.0,
0.0,20800000.0,2018-05-08,47,1.7907,8.0,
5000000.0,0.0,2018-05-09,48,1.7999,8.0,
0.0,20800000.0,2018-05-09,48,1.7999,8.0,
0.0,15000000.0,2018-05-10,49,1.8105,8.0,
0.0,10400000.0,2018-05-08,47,1.789,8.0,
0.0,10200000.0,2018-06-06,76,2.0252,10.0,
10200000.0,0.0,2018-06-06,76,2.0252,10.0,
0.0,50000000.0,2018-06-15,85,2.1245,13.0,
0.0,70000000.0,2018-06-15,85,2.1266,13.0,
0.0,14300000.0,2018-06-18,88,2.145,14.0,
40800000.0,0.0,2018-06-18,88,2.145,14.0,
0.0,10200000.0,2018-06-19,89,2.1775,14.0,
20400000.0,0.0,2018-06-20,90,2.2018,15.0,
29500000.0,0.0,2018-06-20,90,2.2018,15.0,
10200000.0,0.0,2018-06-20,90,2.2018,15.0,
40800000.0,0.0,2018-06-21,91,2.2225,16.0,
0.0,49300000.0,2018-04-30,39,1.7603,6.0,
10400000.0,0.0,2018-04-30,39,1.7603,6.0,
0.0,46400000.0,2018-04-30,39,1.7723,8.0,
0.0,20900000.0,2018-05-01,40,1.7734,8.0,
0.0,11000000.0,2018-05-01,40,1.7734,8.0,
0.0,10400000.0,2018-05-03,42,1.787,8.0,
46300000.0,0.0,2018-05-03,42,1.787,8.0,
0.0,31300000.0,2018-05-03,42,1.787,8.0,
38100000.0,0.0,2018-05-04,43,1.787,8.0,
0.0,31300000.0,2018-05-09,48,1.7999,8.0,
0.0,50800000.0,2018-05-11,50,1.8105,8.0,
0.0,20800000.0,2018-05-14,53,1.8334,7.0,
0.0,10900000.0,2018-05-14,53,1.8334,7.0,
0.0,1100000.0,2018-05-15,54,1.8388,7.0,
20800000.0,0.0,2018-05-17,56,1.8849,8.0,
7600000.0,0.0,2018-05-17,56,1.8849,8.0,
15000000.0,0.0,2018-05-17,56,1.8849,8.0,
0.0,10900000.0,2018-05-17,56,1.8849,8.0,
0.0,7700000.0,2018-05-18,57,1.8849,8.0,
0.0,8300000.0,2018-05-21,60,1.8921,8.0,
0.0,25000000.0,2018-05-22,61,1.9039,8.0,
5000000.0,0.0,2018-05-16,55,1.85,7.0,
20000000.0,0.0,2018-05-29,68,1.9436,9.0,
15000000.0,0.0,2018-05-30,69,1.9842,9.0,
0.0,51600000.0,2018-05-30,69,1.9842,9.0,
10800000.0,0.0,2018-05-31,70,1.9842,9.0,
75000000.0,0.0,2018-06-01,71,2.0063,10.0,
75000000.0,0.0,2018-06-01,71,2.0063,10.0,
0.0,41800000.0,2018-06-01,71,2.0063,10.0,
0.0,66700000.0,2018-06-01,71,2.0063,10.0,
0.0,54300000.0,2018-06-01,71,2.0063,10.0,
0.0,36900000.0,2018-06-07,77,2.0349,10.0,
36900000.0,0.0,2018-06-07,77,2.0349,10.0,
36500000.0,0.0,2018-06-08,78,2.0473,11.0,
0.0,12500000.0,2018-06-11,81,2.0714,12.0,
0.0,20800000.0,2018-06-12,82,2.0714,12.0,
55000000.0,0.0,2018-06-13,83,2.0888,12.0,
27000000.0,0.0,2018-06-18,88,2.1775,14.0,
0.0,43700000.0,2018-06-18,88,2.1775,14.0,
15000000.0,0.0,2018-04-30,39,1.7669,6.0,
0.0,23000000.0,2018-04-30,39,1.7603,6.0,
0.0,6200000.0,2018-05-01,40,1.7734,8.0,
10400000.0,0.0,2018-06-13,83,2.0888,12.0,
10000000.0,0.0,2018-06-13,83,2.0888,12.0,
0.0,52250000.0,2018-06-13,83,2.0888,12.0,
0.0,10500000.0,2018-06-14,84,2.1069,13.0,
0.0,12600000.0,2018-06-14,84,2.1069,13.0,
0.0,20900000.0,2018-06-15,85,2.1245,13.0,
27700000.0,0.0,2018-06-15,85,2.1245,13.0,
12000000.0,0.0,2018-06-18,88,2.145,14.0,
0.0,16600000.0,2018-06-18,88,2.145,14.0,
0.0,12000000.0,2018-06-18,88,2.145,14.0,
0.0,10000000.0,2018-06-18,88,2.1775,14.0,
10000000.0,0.0,2018-06-20,90,2.2018,15.0,
0.0,200000000.0,2018-06-20,90,2.2018,15.0,
16700000.0,0.0,2018-06-21,91,2.2225,15.0,
0.0,160500000.0,2018-05-15,54,1.8388,7.0,
0.0,15000000.0,2018-06-14,84,2.1069,13.0,
0.0,163000000.0,2018-05-19,58,1.34,3.0,
25500000.0,0.0,2018-06-06,76,1.383,1.0,
40000000.0,0.0,2018-04-27,36,1.4685,4.0,
10900000.0,0.0,2018-06-04,74,2.0246,10.0,
5400000.0,0.0,2018-06-05,75,2.0246,10.0,
10300000.0,0.0,2018-06-06,76,2.0252,10.0,
10300000.0,0.0,2018-06-11,81,2.0714,12.0,
12800000.0,0.0,2018-06-11,81,2.0714,12.0,
0.0,12800000.0,2018-06-12,82,2.0714,12.0,
0.0,20600000.0,2018-06-13,83,2.0888,12.0,
0.0,10400000.0,2018-06-18,88,2.145,14.0,
5500000.0,0.0,2018-06-18,88,2.1775,14.0,
0.0,10300000.0,2018-06-18,88,2.1775,14.0,
0.0,38200000.0,2018-04-23,32,1.7445,6.0,
10300000.0,0.0,2018-04-24,33,1.7413,6.0,
20000000.0,0.0,2018-05-01,40,1.7734,8.0,
10300000.0,0.0,2018-05-01,40,1.7734,8.0,
0.0,103500000.0,2018-05-01,40,1.7734,8.0,
5100000.0,0.0,2018-05-08,47,1.787,8.0,
0.0,10300000.0,2018-05-08,47,1.787,8.0,
10300000.0,0.0,2018-05-11,50,1.8105,8.0,
10300000.0,0.0,2018-05-14,53,1.8105,7.0,
31000000.0,0.0,2018-05-14,53,1.8334,7.0,
0.0,10300000.0,2018-05-14,53,1.8334,7.0,
52000000.0,0.0,2018-05-21,60,1.8921,8.0,
14400000.0,0.0,2018-05-21,60,1.8921,8.0,
0.0,14400000.0,2018-05-29,68,1.9842,9.0,
21900000.0,0.0,2018-06-04,74,2.0246,10.0,
10300000.0,0.0,2018-06-04,74,2.0246,10.0,
0.0,20700000.0,2018-06-08,78,2.0473,11.0,
0.0,43500000.0,2018-06-08,78,2.0473,11.0,
10300000.0,0.0,2018-06-12,82,2.0714,12.0,
0.0,10400000.0,2018-06-15,85,2.1245,13.0,
0.0,31000000.0,2018-06-18,88,2.1775,14.0,
21900000.0,0.0,2018-06-19,89,2.1775,14.0,
20700000.0,0.0,2018-04-23,32,1.7445,6.0,
0.0,20700000.0,2018-04-30,39,1.7603,6.0,
0.0,10300000.0,2018-04-30,39,1.7603,6.0,
10300000.0,0.0,2018-04-30,39,1.7723,8.0,
51600000.0,0.0,2018-05-03,42,1.787,8.0,
0.0,11000000.0,2018-05-03,42,1.787,8.0,
0.0,20600000.0,2018-05-03,42,1.787,8.0,
20600000.0,0.0,2018-05-08,47,1.789,8.0,
0.0,10300000.0,2018-05-10,49,1.8105,8.0,
12800000.0,0.0,2018-05-18,57,1.8849,8.0,
0.0,21000000.0,2018-05-21,60,1.8849,8.0,
0.0,20700000.0,2018-05-21,60,1.8921,8.0,
0.0,20600000.0,2018-05-25,64,1.9436,9.0,
12300000.0,0.0,2018-05-29,68,1.9563,9.0,
21900000.0,0.0,2018-05-18,57,1.8849,8.0,
0.0,31000000.0,2018-06-04,74,2.0172,10.0,
22000000.0,0.0,2018-06-05,75,2.0246,10.0,
10300000.0,0.0,2018-06-11,81,2.0714,12.0,
0.0,25600000.0,2018-06-18,88,2.1775,14.0,
0.0,20500000.0,2018-04-23,32,1.7447,6.0,
0.0,34500000.0,2018-04-23,32,1.7447,6.0,
72000000.0,0.0,2018-04-23,32,1.7447,6.0,
5400000.0,0.0,2018-04-23,32,1.7445,6.0,
24600000.0,0.0,2018-04-27,36,1.7603,6.0,
20500000.0,0.0,2018-04-27,36,1.7603,6.0,
41200000.0,0.0,2018-05-18,57,1.8849,8.0,
10900000.0,0.0,2018-06-11,81,2.0573,12.0,
0.0,15000000.0,2018-06-11,81,2.0714,12.0,
60700000.0,0.0,2018-06-15,85,2.1245,13.0,
0.0,51500000.0,2018-06-18,88,2.1775,14.0,
30900000.0,0.0,2018-06-19,89,2.1775,14.0,
115000000.0,0.0,2018-05-01,40,1.7734,8.0,
0.0,31000000.0,2018-04-23,32,1.7445,6.0,
31000000.0,0.0,2018-04-27,36,1.7603,6.0,
10300000.0,0.0,2018-04-30,39,1.7669,6.0,
20600000.0,0.0,2018-04-30,39,1.7723,8.0,
0.0,16500000.0,2018-05-03,42,1.787,8.0,
20700000.0,0.0,2018-05-03,42,1.787,8.0,
10900000.0,0.0,2018-05-08,47,1.7935,8.0,
0.0,20700000.0,2018-05-10,49,1.8105,8.0,
0.0,12400000.0,2018-05-14,53,1.82,7.0,
100000000.0,0.0,2018-05-30,69,1.9842,9.0,
175000000.0,0.0,2018-04-24,33,1.7413,6.0,
25000000.0,0.0,2018-04-24,33,1.7413,6.0,
20400000.0,0.0,2018-06-04,74,2.0246,10.0,
102400000.0,0.0,2018-06-15,85,2.1245,13.0,
0.0,102300000.0,2018-06-18,88,2.1775,14.0,
106000000.0,0.0,2018-06-21,91,2.2225,15.0,
0.0,10200000.0,2018-04-23,32,1.7447,6.0,
0.0,30700000.0,2018-04-27,36,1.7603,6.0,
10200000.0,0.0,2018-04-27,36,1.7603,6.0,
50000000.0,0.0,2018-04-30,39,1.7603,6.0,
102300000.0,0.0,2018-04-30,39,1.7603,6.0,
12700000.0,0.0,2018-05-21,60,1.8849,8.0,
0.0,10200000.0,2018-05-25,64,1.9436,9.0,
0.0,10300000.0,2018-05-29,68,1.9563,9.0,
0.0,20500000.0,2018-05-31,70,1.9842,9.0,
0.0,50000000.0,2018-06-07,77,2.0349,10.0,
0.0,102200000.0,2018-06-08,78,2.0473,11.0,
52800000.0,0.0,2018-06-08,78,2.0473,11.0,
0.0,115000000.0,2018-06-11,81,1.7225,6.0,
0.0,30800000.0,2018-06-21,91,2.2225,15.0,
0.0,47000000.0,2018-05-31,70,1.9842,9.0,
0.0,20500000.0,2018-04-23,32,1.7445,6.0,
0.0,100000000.0,2018-04-27,36,1.7603,6.0,
0.0,53600000.0,2018-04-30,39,1.7669,6.0,
30900000.0,0.0,2018-05-08,47,1.789,8.0,
0.0,79000000.0,2018-04-30,39,1.7723,8.0,
54300000.0,0.0,2018-06-07,77,2.0349,10.0,
54400000.0,0.0,2018-06-08,78,2.0473,11.0,
54200000.0,0.0,2018-06-14,84,2.1069,13.0,
54100000.0,0.0,2018-06-18,88,2.145,14.0,
0.0,124000000.0,2018-05-31,70,1.9842,9.0,
21400000.0,0.0,2018-04-23,32,1.7447,6.0,
0.0,5000000.0,2018-04-23,32,1.7447,6.0,
0.0,53500000.0,2018-04-27,36,1.7603,6.0,
78000000.0,0.0,2018-05-30,69,1.9842,9.0,
106900000.0,0.0,2018-05-01,40,1.7734,8.0,
35000000.0,0.0,2018-04-23,32,1.7447,6.0,
0.0,10200000.0,2018-05-01,40,1.7734,8.0,
0.0,8600000.0,2018-05-04,43,1.787,8.0,
65000000.0,0.0,2018-05-08,47,1.789,8.0,
10200000.0,0.0,2018-05-09,48,1.7999,8.0,
0.0,10200000.0,2018-05-09,48,1.7999,8.0,
0.0,25600000.0,2018-05-10,49,1.8105,8.0,
33000000.0,0.0,2018-05-11,50,1.8105,8.0,
0.0,52700000.0,2018-05-14,53,1.8105,7.0,
0.0,25500000.0,2018-05-16,55,1.85,7.0,
10000000.0,0.0,2018-05-18,57,1.8849,8.0,
52900000.0,0.0,2018-05-21,60,1.8849,8.0,
0.0,52700000.0,2018-05-23,62,1.9198,8.0,
0.0,77000000.0,2018-05-30,69,1.9842,9.0,
0.0,15800000.0,2018-06-01,71,2.0063,10.0,
15800000.0,0.0,2018-06-04,74,2.0246,10.0,
10000000.0,0.0,2018-04-24,33,1.7413,6.0,
2100000.0,0.0,2018-04-24,33,1.7413,6.0,
9000000.0,0.0,2018-04-26,35,1.7525,6.0,
0.0,104900000.0,2018-04-27,36,1.7603,6.0,
10400000.0,0.0,2018-04-25,34,1.7452,6.0,
109500000.0,0.0,2018-04-26,35,1.7525,6.0,
10400000.0,0.0,2018-04-26,35,1.7525,6.0,
0.0,10400000.0,2018-04-26,35,1.7525,6.0,
0.0,10400000.0,2018-04-26,35,1.7525,6.0,
208400000.0,0.0,2018-04-27,36,1.7603,6.0,
16700000.0,0.0,2018-04-27,36,1.7603,6.0,
10400000.0,0.0,2018-04-27,36,1.7603,6.0,
31300000.0,0.0,2018-04-27,36,1.7603,6.0,
0.0,31300000.0,2018-04-30,39,1.7603,6.0,
0.0,5000000.0,2018-05-02,41,1.7778,8.0,
0.0,10400000.0,2018-05-02,41,1.7778,8.0,
0.0,1000.0,2018-05-04,43,1.787,8.0,
0.0,10400000.0,2018-05-04,43,1.787,8.0,
0.0,41700000.0,2018-05-04,43,1.787,8.0,
31000000.0,0.0,2018-05-08,47,1.7907,8.0,
10400000.0,0.0,2018-05-08,47,1.7907,8.0,
21000000.0,0.0,2018-05-09,48,1.7999,8.0,
10000000.0,0.0,2018-05-09,48,1.7999,8.0,
0.0,41800000.0,2018-05-14,53,1.8105,7.0,
0.0,18800000.0,2018-05-14,53,1.8105,7.0,
10500000.0,0.0,2018-05-15,54,1.8388,7.0,
0.0,10600000.0,2018-05-15,54,1.8388,7.0,
0.0,5000000.0,2018-05-16,55,1.85,7.0,
15000000.0,0.0,2018-05-16,55,1.85,7.0,
25000000.0,0.0,2018-04-25,34,1.7452,6.0,
0.0,125450000.0,2018-05-15,54,3.6,1.0,
0.0,427.07,2018-04-27,36,3.0,1.0,
0.0,68303.99,2018-04-27,36,3.0,1.0,
0.0,20600000.0,2018-05-21,60,1.8849,8.0,
18500000.0,0.0,2018-05-21,60,1.8849,8.0,
0.0,14400000.0,2018-05-29,68,1.9436,9.0,
14300000.0,0.0,2018-05-29,68,1.9436,9.0,
0.0,18500000.0,2018-05-29,68,1.9563,9.0,
10300000.0,0.0,2018-05-29,68,1.9842,9.0,
0.0,10300000.0,2018-05-29,68,1.9842,9.0,
12300000.0,0.0,2018-06-04,74,2.0172,10.0,
10300000.0,0.0,2018-06-04,74,2.0172,10.0,
0.0,16500000.0,2018-06-04,74,2.0172,10.0,
0.0,5400000.0,2018-06-04,74,2.0246,10.0,
20600000.0,0.0,2018-06-11,81,2.0714,12.0,
0.0,17800000.0,2018-06-18,88,2.145,14.0,
12300000.0,0.0,2018-04-23,32,1.7447,6.0,
16400000.0,0.0,2018-04-30,39,1.7669,6.0,
16400000.0,0.0,2018-05-02,41,1.7778,8.0,
14400000.0,0.0,2018-05-02,41,1.7778,8.0,
10300000.0,0.0,2018-05-03,42,1.787,8.0,
0.0,20500000.0,2018-05-09,48,1.7999,8.0,
20600000.0,0.0,2018-05-14,53,1.8105,7.0,
0.0,5500000.0,2018-05-16,55,1.85,7.0,
87000000.0,0.0,2018-05-16,55,1.85,7.0,
0.0,21000000.0,2018-05-17,56,1.8849,8.0,
0.0,17400000.0,2018-05-17,56,1.8849,8.0,
0.0,10300000.0,2018-06-04,74,2.0172,10.0,
10300000.0,0.0,2018-06-04,74,2.0246,10.0,
10300000.0,0.0,2018-06-07,77,2.0349,10.0,
10300000.0,0.0,2018-06-07,77,2.0349,10.0,
12400000.0,0.0,2018-06-07,77,2.0349,10.0,
0.0,16500000.0,2018-06-11,81,2.0714,12.0,
0.0,11000000.0,2018-05-25,64,1.9436,9.0,
50000000.0,0.0,2018-05-29,68,1.9436,9.0,
0.0,20800000.0,2018-05-30,69,1.9842,9.0,
0.0,10400000.0,2018-05-31,70,1.9842,9.0,
0.0,11000000.0,2018-06-04,74,2.0172,10.0,
0.0,25000000.0,2018-06-04,74,2.0172,10.0,
0.0,100000000.0,2018-06-04,74,2.0172,10.0,
0.0,100000000.0,2018-06-05,75,2.0246,10.0,
0.0,10000000.0,2018-06-05,75,2.0246,10.0,
20800000.0,0.0,2018-06-12,82,2.0714,12.0,
8000000.0,0.0,2018-06-13,83,2.0888,12.0,
0.0,41600000.0,2018-06-18,88,2.145,14.0,
4500000.0,0.0,2018-06-19,89,2.1775,14.0,
11000000.0,0.0,2018-06-19,89,2.1775,14.0,
0.0,11000000.0,2018-06-20,90,2.2018,15.0,
0.0,51500000.0,2018-06-11,81,2.0714,12.0,
86500000.0,0.0,2018-06-18,88,2.1775,14.0,
30800000.0,0.0,2018-04-30,39,1.7669,6.0,
0.0,20600000.0,2018-05-09,48,1.7999,8.0,
27300000.0,0.0,2018-05-14,53,1.8105,7.0,
0.0,30900000.0,2018-05-14,53,1.8105,7.0,
22500000.0,0.0,2018-05-18,57,1.8849,8.0,
0.0,20600000.0,2018-06-01,71,2.0063,10.0,
54400000.0,0.0,2018-06-08,78,2.0473,11.0,
206200000.0,0.0,2018-06-11,81,2.0573,12.0,
0.0,30900000.0,2018-06-11,81,2.0714,12.0,
0.0,103000000.0,2018-06-18,88,2.145,14.0,
24600000.0,0.0,2018-04-23,32,1.7447,6.0,
20500000.0,0.0,2018-04-26,35,1.7525,6.0,
0.0,20500000.0,2018-04-27,36,1.7603,6.0,
0.0,20500000.0,2018-04-27,36,1.7603,6.0,
20500000.0,0.0,2018-04-30,39,1.7603,6.0,
0.0,204900000.0,2018-05-01,40,1.7734,8.0,
25000000.0,0.0,2018-04-27,36,1.7603,6.0,
0.0,33700000.0,2018-05-08,47,1.787,8.0,
11000000.0,0.0,2018-05-08,47,1.787,8.0,
0.0,102100000.0,2018-05-08,47,1.7907,8.0,
0.0,85700000.0,2018-05-08,47,1.7907,8.0,
116000000.0,0.0,2018-05-30,69,1.9842,9.0,
0.0,52700000.0,2018-05-11,50,1.8105,8.0,
0.0,33000000.0,2018-05-11,50,1.8105,8.0,
0.0,26000000.0,2018-05-11,50,1.8105,8.0,
31100000.0,0.0,2018-06-13,83,2.0888,12.0,
12400000.0,0.0,2018-06-14,84,2.1069,13.0,
0.0,18000000.0,2018-06-14,84,2.1069,13.0,
109400000.0,0.0,2018-06-14,84,2.1069,13.0,
31200000.0,0.0,2018-06-18,88,2.145,14.0,
0.0,10400000.0,2018-06-19,89,2.1775,14.0,
20800000.0,0.0,2018-04-23,32,1.7447,6.0,
0.0,20800000.0,2018-04-23,32,1.7447,6.0,
0.0,20800000.0,2018-04-24,33,1.7413,6.0,
0.0,20800000.0,2018-04-27,36,1.7603,6.0,
6300000.0,0.0,2018-04-30,39,1.7603,6.0,
20900000.0,0.0,2018-04-30,39,1.7723,8.0,
0.0,142900000.0,2018-04-30,39,1.7723,8.0,
50400000.0,0.0,2018-05-01,40,1.7734,8.0,
0.0,10400000.0,2018-05-01,40,1.7734,8.0,
0.0,25000000.0,2018-04-30,39,1.7603,6.0,
50800000.0,0.0,2018-05-01,40,1.7734,8.0,
0.0,2100000.0,2018-05-01,40,1.7734,8.0,
10400000.0,0.0,2018-05-02,41,1.7778,8.0,
0.0,20800000.0,2018-05-02,41,1.7778,8.0,
0.0,20900000.0,2018-05-03,42,1.787,8.0,
30600000.0,0.0,2018-04-23,32,1.7447,6.0,
0.0,52700000.0,2018-04-23,32,1.7447,6.0,
0.0,12300000.0,2018-04-26,35,1.7525,6.0,
0.0,8200000.0,2018-04-30,39,1.7603,6.0,
50000000.0,0.0,2018-05-06,45,0.905,1.0,
22800000.0,0.0,2018-05-16,55,1.85,7.0,
10200000.0,0.0,2018-05-21,60,1.8849,8.0,
0.0,10300000.0,2018-05-29,68,1.9563,9.0,
0.0,20500000.0,2018-06-04,74,2.0172,10.0,
0.0,14300000.0,2018-06-07,77,2.0349,10.0,
12300000.0,0.0,2018-06-08,78,2.0473,11.0,
34000000.0,0.0,2018-06-11,81,2.0573,12.0,
50000000.0,0.0,2018-05-03,42,1.787,8.0,
10400000.0,0.0,2018-06-04,74,2.0246,10.0,
0.0,20800000.0,2018-06-06,76,2.0252,10.0,
10400000.0,0.0,2018-06-06,76,2.0252,10.0,
0.0,20900000.0,2018-06-07,77,2.0349,10.0,
30000000.0,0.0,2018-06-07,77,2.0349,10.0,
10000000.0,0.0,2018-06-11,81,2.0573,12.0,
10000000.0,0.0,2018-06-11,81,2.0573,12.0,
0.0,104600000.0,2018-06-11,81,2.0714,12.0,
10400000.0,0.0,2018-06-11,81,2.0714,12.0,
3500000.0,0.0,2018-06-13,83,2.0888,12.0,
0.0,46500000.0,2018-06-13,83,2.0888,12.0,
29300000.0,0.0,2018-06-13,83,2.0888,12.0,
0.0,121500000.0,2018-06-13,83,2.0888,12.0,
0.0,47300000.0,2018-06-13,83,2.0888,12.0,
